date,country,state,county,fips,lat,long,locationId,actuals.cases,actuals.deaths,actuals.positiveTests,actuals.negativeTests,actuals.contactTracers,actuals.hospitalBeds.capacity,actuals.hospitalBeds.currentUsageTotal,actuals.hospitalBeds.currentUsageCovid,actuals.hospitalBeds.typicalUsageRate,actuals.icuBeds.capacity,actuals.icuBeds.currentUsageTotal,actuals.icuBeds.currentUsageCovid,actuals.icuBeds.typicalUsageRate,actuals.newCases,actuals.vaccinesDistributed,actuals.vaccinationsInitiated,actuals.vaccinationsCompleted,metrics.testPositivityRatio,metrics.testPositivityRatioDetails,metrics.caseDensity,metrics.contactTracerCapacityRatio,metrics.infectionRate,metrics.infectionRateCI90,metrics.icuHeadroomRatio,metrics.icuHeadroomDetails,metrics.icuCapacityRatio,riskLevels.overall,metrics.vaccinationsInitiatedRatio,metrics.vaccinationsCompletedRatio,actuals.newDeaths,actuals.vaccinesAdministered
2020-03-01,US,LA,,22,,,iso1:us#iso2:us-la,,,1,,,,,,,,,,,,,,,,,0.0,,,,,,,0,,,,
2020-03-02,US,LA,,22,,,iso1:us#iso2:us-la,,,1,,,,,,,,,,,,,,,,,0.0,,,,,,,0,,,,
2020-03-03,US,LA,,22,,,iso1:us#iso2:us-la,,,1,6,,,,,,,,,,,,,,,,0.0,,,,,,,0,,,,
2020-03-04,US,LA,,22,,,iso1:us#iso2:us-la,,,1,10,,,,,,,,,,,,,,0.077,,0.0,,,,,,,0,,,,
2020-03-05,US,LA,,22,,,iso1:us#iso2:us-la,,,1,11,,,,,,,,,,,,,,0.167,,0.0,,,,,,,0,,,,
2020-03-06,US,LA,,22,,,iso1:us#iso2:us-la,,,1,21,,,,,,,,,,,,,,0.074,,0.0,,,,,,,0,,,,
2020-03-07,US,LA,,22,,,iso1:us#iso2:us-la,,,1,35,,,,,,,,,,,,,,0.065,,0.0,,,,,,,0,,,,
2020-03-08,US,LA,,22,,,iso1:us#iso2:us-la,,,1,47,,,,,,,,,,,,,,0.05,,0.0,,,,,,,0,,,,
2020-03-09,US,LA,,22,,,iso1:us#iso2:us-la,1,0,5,98,,,,,,,,,,,,,,0.036,,0.0,,,,,,,0,,,,
2020-03-10,US,LA,,22,,,iso1:us#iso2:us-la,6,0,19,173,,,,,,,,,,5,,,,0.092,,0.0,,,,,,,0,,,0,
2020-03-11,US,LA,,22,,,iso1:us#iso2:us-la,13,0,23,244,,,,,,,,,,7,,,,0.082,,0.0,,1.74,0.86,,,,0,,,0,
2020-03-12,US,LA,,22,,,iso1:us#iso2:us-la,14,0,37,401,,,,,,,,,,1,,,,0.08,,0.0,,1.76,0.35,,,,0,,,0,
2020-03-13,US,LA,,22,,,iso1:us#iso2:us-la,36,0,86,748,,,,,,,,,,22,,,,0.102,,0.1,,1.77,0.22,,,,0,,,0,
2020-03-14,US,LA,,22,,,iso1:us#iso2:us-la,77,1,174,1160,,,,,,,,,,41,,,,0.131,,0.2,,1.79,0.23,,,,0,,,1,
2020-03-15,US,LA,,22,,,iso1:us#iso2:us-la,103,2,300,1537,,,,,,,,,,26,,,,0.166,,0.3,,1.81,0.19,,,,0,,,1,
2020-03-16,US,LA,,22,,,iso1:us#iso2:us-la,137,3,731,3033,,,,,,,,,,34,,,,0.198,,0.4,,1.82,0.2,,,,0,,,1,
2020-03-17,US,LA,,22,,,iso1:us#iso2:us-la,196,5,1112,4361,,,,,,,,,,59,,,,0.207,,0.6,,1.83,0.19,,,,0,,,2,
2020-03-18,US,LA,,22,,,iso1:us#iso2:us-la,280,7,1524,5814,,,,,,,,,,84,,,,0.212,,0.8,,1.84,0.17,,,,0,,,2,
2020-03-19,US,LA,,22,,,iso1:us#iso2:us-la,392,10,1991,7705,,,,,,,,,,112,,,,0.211,,1.2,,1.84,0.15,,,,3,,,3,
2020-03-20,US,LA,,22,,,iso1:us#iso2:us-la,537,10,2733,9997,,,,,,,,,,145,,,,0.223,,1.5,,1.85,0.11,,,,3,,,0,
2020-03-21,US,LA,,22,,,iso1:us#iso2:us-la,763,16,3262,11591,,,,,,,,,,226,,,,0.228,,2.1,,1.84,0.1,,,,3,,,6,
2020-03-22,US,LA,,22,,,iso1:us#iso2:us-la,837,20,3958,13227,,,,,,,,,,74,,,,0.238,,2.3,,1.84,0.12,,,,3,,,4,
2020-03-23,US,LA,,22,,,iso1:us#iso2:us-la,1172,34,5232,16014,,,,,,,,,,335,,,,0.257,,3.2,,1.82,0.11,,,,3,,,14,
2020-03-24,US,LA,,22,,,iso1:us#iso2:us-la,1388,46,6486,18777,,,,,,,,,,216,,,,0.272,,3.7,,1.81,0.15,,,,3,,,12,
2020-03-25,US,LA,,22,,,iso1:us#iso2:us-la,1795,65,7688,21694,,,,,,,,,,407,,,,0.28,,4.7,,1.78,0.12,,,,3,,,19,
2020-03-26,US,LA,,22,,,iso1:us#iso2:us-la,2305,83,8959,24893,,,,,,,,,,510,,,,0.288,,5.9,,1.75,0.13,,,,3,,,18,
2020-03-27,US,LA,,22,,,iso1:us#iso2:us-la,2746,119,10256,27952,,,,,,,,,,441,,,,0.295,,6.8,,1.71,0.1,,,,3,,,36,
2020-03-28,US,LA,,22,,,iso1:us#iso2:us-la,3315,137,11476,30347,,,,,,,,,,569,,,,0.305,,7.8,,1.67,0.1,,,,3,,,18,
2020-03-29,US,LA,,22,,,iso1:us#iso2:us-la,3539,153,12615,32794,,,,,,,,,,224,,,,0.307,,8.3,,1.61,0.1,,,,3,,,16,
2020-03-30,US,LA,,22,,,iso1:us#iso2:us-la,4024,186,14408,36648,,,,,,,,,,485,,,,0.308,,8.8,,1.56,0.1,,,,3,,,33,
2020-03-31,US,LA,,22,,,iso1:us#iso2:us-la,5237,240,16456,41015,,,,,,,,,,1213,,,,0.31,,11.8,,1.5,0.1,,,,3,,,54,
2020-04-01,US,LA,,22,,,iso1:us#iso2:us-la,6424,275,18260,45292,,,,,,,,,,1187,,,,0.309,,14.2,,1.43,0.1,,,,3,,,35,
2020-04-02,US,LA,,22,,,iso1:us#iso2:us-la,9152,310,19998,50056,,,,,,,,,,2728,,,,0.305,,21.0,,1.36,0.1,,,,3,,,35,
2020-04-03,US,LA,,22,,,iso1:us#iso2:us-la,10299,370,21524,55287,,,,,,,,,,1147,,,,0.292,,23.2,,1.29,0.1,,,,3,,,60,
2020-04-04,US,LA,,22,,,iso1:us#iso2:us-la,12500,412,23305,59595,,,,,,,,,,2201,,,,0.288,,28.2,,1.22,0.1,,,,3,,,42,
2020-04-05,US,LA,,22,,,iso1:us#iso2:us-la,13014,477,24871,63367,,,,,,,,,,514,,,,0.286,,29.1,,1.15,0.1,,,,3,,,65,
2020-04-06,US,LA,,22,,,iso1:us#iso2:us-la,14867,512,26246,68512,,,,,,,,,,1853,,,,0.271,,33.3,,1.09,0.1,,,,3,,,35,
2020-04-07,US,LA,,22,,,iso1:us#iso2:us-la,16284,582,27649,73698,,,,,,,,,,1417,,,,0.255,,33.9,,1.02,0.1,,,,3,,,70,
2020-04-08,US,LA,,22,,,iso1:us#iso2:us-la,17030,652,29088,78701,,,,,,,,,,746,,,,0.245,,32.6,,0.96,0.1,,,,3,,,70,
2020-04-09,US,LA,,22,,,iso1:us#iso2:us-la,18283,702,30459,84344,,,,,,,,,,1253,,,,0.234,,28.1,,0.91,0.1,,,,3,,,50,
2020-04-10,US,LA,,22,,,iso1:us#iso2:us-la,19253,755,31371,88183,,,,,,,,,,970,,,,0.23,,27.5,,0.86,0.1,,,,3,,,53,
2020-04-11,US,LA,,22,,,iso1:us#iso2:us-la,20014,806,32274,91357,,,,,,,,,,761,,,,0.22,,23.1,,0.82,0.1,,,,3,,,51,
2020-04-12,US,LA,,22,,,iso1:us#iso2:us-la,20595,840,32686,92850,,,,,,,,,,581,,,,0.21,,23.3,,0.78,0.1,,,,3,,,34,
2020-04-13,US,LA,,22,,,iso1:us#iso2:us-la,21016,884,33649,96619,,,,,,,,,,421,,,,0.208,,18.9,,0.75,0.1,,,,3,,,44,
2020-04-14,US,LA,,22,,,iso1:us#iso2:us-la,21518,1013,34625,100774,,,,,,,,,,502,,,,0.205,,16.1,,0.73,0.1,,,,3,,,129,
2020-04-15,US,LA,,22,,,iso1:us#iso2:us-la,21951,1103,35565,105232,,,,,,,,,,433,,,,0.196,,15.1,,0.72,0.1,,,,2,,,90,
2020-04-16,US,LA,,22,,,iso1:us#iso2:us-la,22532,1156,36547,110239,,,,,,,,,,581,,,,0.19,,13.1,,0.71,0.1,,,,2,,,53,
2020-04-17,US,LA,,22,,,iso1:us#iso2:us-la,23118,1213,37446,115066,,,,,,,,,,586,,,,0.184,,11.9,,0.71,0.1,,,,2,,,57,
2020-04-18,US,LA,,22,,,iso1:us#iso2:us-la,23580,1267,38045,117913,,,,,,,,,,462,,,,0.179,,11.0,,0.71,0.1,,,,2,,,54,
2020-04-19,US,LA,,22,,,iso1:us#iso2:us-la,23928,1296,38454,119894,,,,,,,,,,348,,,,0.176,,10.2,,0.72,0.1,,,,2,,,29,
2020-04-20,US,LA,,22,,,iso1:us#iso2:us-la,24523,1328,39441,125432,,,,,,,,,,595,,,,0.167,,10.8,,0.73,0.1,,,,2,,,32,
2020-04-21,US,LA,,22,,,iso1:us#iso2:us-la,24854,1405,40440,130922,,,,,,,,,,331,,,,0.162,,10.3,,0.74,0.1,,,,2,,,77,
2020-04-22,US,LA,,22,,,iso1:us#iso2:us-la,25317,1532,41310,136030,,,,,,,,,,463,,,,0.157,,10.3,,0.76,0.1,,,,2,,,127,
2020-04-23,US,LA,,22,,,iso1:us#iso2:us-la,25798,1599,42054,140419,,,,,,,,,,481,,,,0.154,,10.0,,0.78,0.1,,,,2,,,67,
2020-04-24,US,LA,,22,,,iso1:us#iso2:us-la,26199,1660,42898,145843,,,,,,,,,,401,,,,0.15,,9.5,,0.79,0.1,,,,2,,,61,
2020-04-25,US,LA,,22,,,iso1:us#iso2:us-la,26571,1703,43442,149028,,,,,,,,,,372,,,,0.148,,9.2,,0.81,0.1,,,,2,,,43,
2020-04-26,US,LA,,22,,,iso1:us#iso2:us-la,26832,1729,43848,151406,,,,,,,,,,261,,,,0.146,,8.9,,0.83,0.1,,,,2,,,26,
2020-04-27,US,LA,,22,,,iso1:us#iso2:us-la,27111,1740,44659,157157,,,,,,,,,,279,,,,0.141,,8.0,,0.85,0.1,,,,2,,,11,
2020-04-28,US,LA,,22,,,iso1:us#iso2:us-la,27329,1801,45518,163769,,,,,,,,,,218,,,,0.134,,7.6,,0.87,0.1,,,,2,,,61,
2020-04-29,US,LA,,22,,,iso1:us#iso2:us-la,27703,1845,46295,169407,,,,,,,,,,374,,,,0.13,,7.3,,0.88,0.1,,,,2,,,44,
2020-04-30,US,LA,,22,,,iso1:us#iso2:us-la,28044,1905,47245,176999,,,,,,,,,,341,,,,0.124,,6.9,,0.9,0.1,,,,2,,,60,
2020-05-01,US,LA,,22,,,iso1:us#iso2:us-la,28754,1970,47959,184033,,,,,,,,,,710,,,,0.117,,7.9,,0.91,0.1,,,,2,,,65,
2020-05-02,US,LA,,22,,,iso1:us#iso2:us-la,29183,1993,48493,187935,,,,,,,,,,429,,,,0.115,,8.0,,0.93,0.1,,,,2,,,23,
2020-05-03,US,LA,,22,,,iso1:us#iso2:us-la,29383,2012,48894,190891,,,,,,,,,,200,,,,0.113,,7.8,,0.94,0.1,,,,2,,,19,
2020-05-04,US,LA,,22,,,iso1:us#iso2:us-la,29746,2064,49613,197894,,,,,,,,,,363,,,,0.108,,8.1,,0.96,0.1,,,,2,,,52,
2020-05-05,US,LA,,22,,,iso1:us#iso2:us-la,30069,2115,50385,205729,,,,,,,,,,323,,,,0.104,,8.4,,0.97,0.1,,,,2,,,51,
2020-05-06,US,LA,,22,,,iso1:us#iso2:us-la,30472,2167,51203,213847,,,,,,,,,,403,,,,0.099,,8.5,,0.98,0.1,,,,1,,,52,
2020-05-07,US,LA,,22,,,iso1:us#iso2:us-la,30725,2208,51964,220762,,,,,,,,,,253,,,,0.097,,8.2,,0.99,0.1,,,,1,,,41,
2020-05-08,US,LA,,22,,,iso1:us#iso2:us-la,30928,2227,52761,228944,,,,,,,,,,203,,,,0.097,,6.7,,1.0,0.1,,,,1,,,19,
2020-05-09,US,LA,,22,,,iso1:us#iso2:us-la,31490,2267,53197,233655,,,,,,,,,,562,,,,0.093,,7.1,,1.01,0.1,,,,1,,,40,
2020-05-10,US,LA,,22,,,iso1:us#iso2:us-la,31673,2286,53517,236529,,,,,,,,,,183,,,,0.092,,7.0,,1.02,0.1,,,,1,,,19,
2020-05-11,US,LA,,22,,,iso1:us#iso2:us-la,31881,2308,54270,244786,700,,,,,,,,,208,,,,0.09,,6.6,0.46,1.03,0.1,,,,1,,,22,
2020-05-12,US,LA,,22,,,iso1:us#iso2:us-la,32116,2347,55141,254272,700,,,,,,,,,235,,,,0.089,,6.3,0.48,1.03,0.1,,,,1,,,39,
2020-05-13,US,LA,,22,,,iso1:us#iso2:us-la,32728,2381,55892,262430,700,,,,,,,,,612,,,,0.088,,6.9,0.43,1.04,0.1,,,,1,,,34,
2020-05-14,US,LA,,22,,,iso1:us#iso2:us-la,33555,2417,56774,271474,700,,,,,,,,,827,,,,0.087,,8.7,0.35,1.04,0.1,,,,1,,,36,
2020-05-15,US,LA,,22,,,iso1:us#iso2:us-la,33903,2448,57530,279819,700,,,,,,,,,348,,,,0.086,,9.1,0.33,1.04,0.1,,,,1,,,31,
2020-05-16,US,LA,,22,,,iso1:us#iso2:us-la,34183,2479,57924,284289,700,,,,,,,,,280,,,,0.085,,8.3,0.36,1.04,0.1,,,,1,,,31,
2020-05-17,US,LA,,22,,,iso1:us#iso2:us-la,34498,2491,58394,288483,700,,,,,,,,,315,,,,0.086,,8.7,0.35,1.03,0.1,,,,1,,,12,
2020-05-18,US,LA,,22,,,iso1:us#iso2:us-la,34832,2563,59155,297361,700,,,,,,,,,334,,,,0.085,,9.1,0.33,1.03,0.1,,,,1,,,72,
2020-05-19,US,LA,,22,,,iso1:us#iso2:us-la,35161,2581,59930,306815,700,,,,,,,,,329,,,,0.084,,9.4,0.32,1.02,0.1,,,,1,,,18,
2020-05-20,US,LA,,22,,,iso1:us#iso2:us-la,35439,2608,60668,316677,700,,,,,,,,,278,,,,0.081,,8.3,0.36,1.02,0.1,,,,1,,,27,
2020-05-21,US,LA,,22,,,iso1:us#iso2:us-la,36627,2629,61448,325624,700,,,,,,,,,1188,,,,0.079,,9.4,0.32,1.01,0.1,,,,1,,,21,
2020-05-22,US,LA,,22,,,iso1:us#iso2:us-la,37048,2669,62220,335741,700,,,,,,,,,421,,,,0.077,,9.7,0.31,1.01,0.1,,,,1,,,40,
2020-05-23,US,LA,,22,,,iso1:us#iso2:us-la,37165,2683,62758,341503,700,,,,,,,,,117,,,,0.078,,9.2,0.33,1.0,0.1,,,,1,,,14,
2020-05-24,US,LA,,22,,,iso1:us#iso2:us-la,37293,2690,63190,346481,700,,,,,,,,,128,,,,0.076,,8.6,0.35,1.0,0.1,,,,1,,,7,
2020-05-25,US,LA,,22,,,iso1:us#iso2:us-la,37916,2690,63612,351531,700,,,,,,,,,623,,,,0.076,,9.5,0.32,0.99,0.1,,,,1,,,0,
2020-05-26,US,LA,,22,,,iso1:us#iso2:us-la,38252,2701,64249,361410,700,,,,,,,,,336,,,,0.073,,9.5,0.32,0.99,0.1,,,,1,,,11,
2020-05-27,US,LA,,22,,,iso1:us#iso2:us-la,38694,2722,64933,371026,700,,,,,,,,,442,,,,0.073,,10.0,0.3,0.99,0.1,,,,1,,,21,
2020-05-28,US,LA,,22,,,iso1:us#iso2:us-la,38907,2740,65885,381933,700,,,,,,,,,213,,,,0.073,,7.0,0.43,1.0,0.1,,,,1,,,18,
2020-05-29,US,LA,,22,,,iso1:us#iso2:us-la,38907,2766,66763,393055,700,,,,,,,,,0,,,,0.073,,5.7,0.53,1.0,0.1,,,,1,,,26,
2020-05-30,US,LA,,22,,,iso1:us#iso2:us-la,39682,2785,67277,399372,700,,,,,,,,,775,,,,0.072,,7.7,0.39,1.0,0.1,,,,1,,,19,
2020-05-31,US,LA,,22,,,iso1:us#iso2:us-la,40021,2791,67743,404595,700,,,,,,,,,339,,,,0.073,,8.4,0.36,1.01,0.1,,,,1,,,6,
2020-06-01,US,LA,,22,,,iso1:us#iso2:us-la,40452,2801,68539,413816,700,,,,,,,,,431,,,,0.073,,7.8,0.39,1.02,0.1,,,,1,,,10,
2020-06-02,US,LA,,22,,,iso1:us#iso2:us-la,40857,2835,69337,425393,700,,,,,,,,,405,,,,0.074,,8.0,0.38,1.03,0.1,,,,1,,,34,
2020-06-03,US,LA,,22,,,iso1:us#iso2:us-la,41244,2870,70190,436630,700,,,,,,,,,387,,,,0.074,,7.8,0.38,1.04,0.1,,,,1,,,35,
2020-06-04,US,LA,,22,,,iso1:us#iso2:us-la,41673,2883,70990,448893,700,,,,,,,,,429,,,,0.071,,8.5,0.35,1.05,0.1,,,,1,,,13,
2020-06-05,US,LA,,22,,,iso1:us#iso2:us-la,42100,2912,71994,460789,700,,,,,,,,,427,,,,0.072,,9.8,0.31,1.06,0.1,,,,1,,,29,
2020-06-06,US,LA,,22,,,iso1:us#iso2:us-la,42597,2925,72549,467261,250,,,,,,,,,497,,,,0.072,,9.0,0.12,1.08,0.1,,,,1,,,13,
2020-06-07,US,LA,,22,,,iso1:us#iso2:us-la,42927,2936,72915,471065,250,,,,,,,,,330,,,,0.072,,8.9,0.12,1.09,0.1,,,,1,,,11,
2020-06-08,US,LA,,22,,,iso1:us#iso2:us-la,43163,2944,73610,479241,250,,,,,,,,,236,,,,0.072,,8.3,0.13,1.11,0.1,,,,1,,,8,
2020-06-09,US,LA,,22,,,iso1:us#iso2:us-la,43725,2957,74605,491073,250,,,,,,,,,562,,,,0.074,,8.8,0.12,1.12,0.1,,,,1,,,13,
2020-06-10,US,LA,,22,,,iso1:us#iso2:us-la,44143,2968,75700,503379,250,,,,,,,,,418,,,,0.076,,8.9,0.12,1.13,0.1,,,,1,,,11,
2020-06-11,US,LA,,22,,,iso1:us#iso2:us-la,44585,2987,76917,517154,250,,,,,,,,,442,,,,0.08,,8.9,0.12,1.15,0.1,,,,1,,,19,
2020-06-12,US,LA,,22,,,iso1:us#iso2:us-la,45108,2996,77943,529915,250,,,,,,,,,523,,,,0.079,,9.2,0.12,1.16,0.1,,,,1,,,9,
2020-06-13,US,LA,,22,,,iso1:us#iso2:us-la,46396,3004,78491,536299,250,,,,,,,,,,,,,0.079,,,,1.17,0.1,,,,1,,,8,
2020-06-14,US,LA,,22,,,iso1:us#iso2:us-la,46732,3014,79029,541280,250,,,,,,,,,336,,,,0.08,,9.0,0.12,1.19,0.1,,,,1,,,10,
2020-06-15,US,LA,,22,,,iso1:us#iso2:us-la,47284,3018,80113,552111,250,,,,,,,,,552,,,,0.082,,10.2,0.11,1.2,0.1,,,,2,,,4,
2020-06-16,US,LA,,22,,,iso1:us#iso2:us-la,47818,3042,81628,565769,250,,,,,,,,,534,,,,0.086,,10.1,0.11,1.21,0.1,,,,2,,,24,
2020-06-17,US,LA,,22,,,iso1:us#iso2:us-la,48746,3062,83669,582373,250,,,,,,,,,928,,,,0.092,,11.9,0.09,1.21,0.1,,,,2,,,20,
2020-06-18,US,LA,,22,,,iso1:us#iso2:us-la,49506,3069,85492,598445,250,,,,,,,,,760,,,,0.095,,13.0,0.08,1.22,0.1,,,,2,,,7,
2020-06-19,US,LA,,22,,,iso1:us#iso2:us-la,48627,3084,87162,615544,250,,,,,,,,,,,,,0.097,,,,1.23,0.1,,,,2,,,15,
2020-06-20,US,LA,,22,,,iso1:us#iso2:us-la,49497,3104,88250,624794,250,,,,,,,,,870,,,,0.099,,14.3,0.08,1.23,0.1,,,,2,,,20,
2020-06-21,US,LA,,22,,,iso1:us#iso2:us-la,49890,3105,88990,629460,250,,,,,,,,,393,,,,0.101,,14.5,0.07,1.23,0.1,,,,2,,,1,
2020-06-22,US,LA,,22,,,iso1:us#iso2:us-la,50352,3117,90654,642618,600,,,,,,,,,462,,,,0.104,,14.2,0.18,1.23,0.1,,,,2,,,12,
2020-06-23,US,LA,,22,,,iso1:us#iso2:us-la,51708,3134,92833,660872,600,,,,,,,,,1356,,,,0.105,,17.1,0.15,1.23,0.1,,,,2,,,17,
2020-06-24,US,LA,,22,,,iso1:us#iso2:us-la,52590,3152,95223,680518,600,,,,,,,,,882,,,,0.105,,16.9,0.15,1.23,0.1,,,,2,,,18,
2020-06-25,US,LA,,22,,,iso1:us#iso2:us-la,53528,3164,97414,700965,613,,,,,,,,,938,,,,0.104,,17.6,0.15,1.23,0.1,,,,2,,,12,
2020-06-26,US,LA,,22,,,iso1:us#iso2:us-la,54882,3190,99355,720043,613,,,,,,,,,1354,,,,0.104,,19.2,0.14,1.23,0.1,,,,2,,,26,
2020-06-27,US,LA,,22,,,iso1:us#iso2:us-la,54882,3190,100785,731890,613,,,,,,,,,0,,,,0.105,,16.5,0.16,1.23,0.1,,,,2,,,0,
2020-06-28,US,LA,,22,,,iso1:us#iso2:us-la,56349,3199,101939,741186,613,,,,,,,,,1467,,,,0.104,,19.8,0.13,1.23,0.1,,,,2,,,9,
2020-06-29,US,LA,,22,,,iso1:us#iso2:us-la,57189,3199,104678,759183,613,,,,,,,,,840,,,,0.107,,21.0,0.13,1.23,0.1,,,,2,,,0,
2020-06-30,US,LA,,22,,,iso1:us#iso2:us-la,58203,3221,107643,779328,613,,,,,,,,,1014,,,,0.111,,20.0,0.13,1.23,0.1,,,,2,,,22,
2020-07-01,US,LA,,22,,,iso1:us#iso2:us-la,60286,3238,110793,800708,613,,,,,,,,,2083,,,,0.115,,23.6,0.11,1.23,0.1,,,,2,,,17,
2020-07-02,US,LA,,22,,,iso1:us#iso2:us-la,61669,3255,113666,821039,613,,,,,,,,,1383,,,,0.119,,25.0,0.11,1.22,0.1,,,,2,,,17,
2020-07-03,US,LA,,22,,,iso1:us#iso2:us-la,63397,3278,116288,838626,613,,,,,,,,,1728,,,,0.125,,26.2,0.1,1.22,0.1,,,,3,,,23,
2020-07-04,US,LA,,22,,,iso1:us#iso2:us-la,63397,3278,117829,848449,613,,,,,,,,,0,,,,0.128,,26.2,0.1,1.21,0.1,,,,3,,,0,
2020-07-05,US,LA,,22,,,iso1:us#iso2:us-la,65334,3288,119337,856605,613,,,,,,,,,1937,,,,0.131,,27.6,0.1,1.21,0.1,,,,3,,,10,
2020-07-06,US,LA,,22,,,iso1:us#iso2:us-la,66435,3296,122382,874514,613,,,,,,,,,1101,,,,0.133,,28.4,0.09,1.2,0.1,,,,3,,,8,
2020-07-07,US,LA,,22,,,iso1:us#iso2:us-la,68371,3319,125702,895114,613,,,,,,,,,1936,,,,0.135,,31.2,0.08,1.19,0.1,,,,3,,,23,
2020-07-08,US,LA,,22,,,iso1:us#iso2:us-la,70259,3339,129218,914007,613,,,,,,,,,1888,,,,0.14,,30.6,0.09,1.18,0.1,,,,3,,,20,
2020-07-09,US,LA,,22,,,iso1:us#iso2:us-la,72102,3355,132855,935458,613,,,,,,,,,1843,,,,0.144,,32.1,0.08,1.17,0.1,,,,3,,,16,
2020-07-10,US,LA,,22,,,iso1:us#iso2:us-la,74744,3380,136175,957407,613,,,,,,,,,2642,,,,0.143,,34.9,0.08,1.16,0.1,,,,3,,,25,
2020-07-11,US,LA,,22,,,iso1:us#iso2:us-la,76911,3403,138411,972679,613,,,,,,,,,2167,,,,0.142,,41.5,0.06,1.15,0.1,,,,3,,,23,
2020-07-12,US,LA,,22,,,iso1:us#iso2:us-la,78230,3416,140491,984663,613,,,,,,,,,1319,,,,0.142,,39.6,0.07,1.14,0.1,,,,3,,,13,
2020-07-13,US,LA,,22,,,iso1:us#iso2:us-la,79935,3423,143908,1003222,613,,,,,,,,,1705,,,,0.143,,41.5,0.06,1.12,0.1,,,,3,,,7,
2020-07-14,US,LA,,22,,,iso1:us#iso2:us-la,82150,3445,147462,1024508,613,,,,,,,,,2215,,,,0.144,,42.3,0.06,1.11,0.1,,,,3,,,22,
2020-07-15,US,LA,,22,,,iso1:us#iso2:us-la,84241,3461,151005,1046585,613,,,,,,,,,2091,,,,0.141,,43.0,0.06,1.1,0.1,,,,3,,,16,
2020-07-16,US,LA,,22,,,iso1:us#iso2:us-la,86521,3485,154160,1068307,613,,,,,,,,,2280,,,,0.138,,44.3,0.06,1.08,0.1,,,,3,,,24,
2020-07-17,US,LA,,22,,,iso1:us#iso2:us-la,88700,3509,156938,1089196,400,,,,,,,,,2179,,,,0.136,,42.9,0.04,1.07,0.1,,,,3,,,24,
2020-07-18,US,LA,,22,,,iso1:us#iso2:us-la,88700,3509,159028,1105867,400,,,,,,,,,0,,,,0.134,,36.2,0.05,1.06,0.1,,,,3,,,0,
2020-07-19,US,LA,,22,,,iso1:us#iso2:us-la,91816,3543,160458,1115133,400,,,,,,,,,3116,,,,0.133,,41.7,0.04,1.04,0.1,,,,3,,,34,
2020-07-20,US,LA,,22,,,iso1:us#iso2:us-la,95002,3572,163701,1137370,400,,,,,,,,,3186,,,,0.129,,46.3,0.04,1.03,0.1,,,,3,,,29,
2020-07-21,US,LA,,22,,,iso1:us#iso2:us-la,96693,3608,167166,1162556,400,,,,,,,,,1691,,,,0.125,,44.7,0.04,1.02,0.1,,,,3,,,36,
2020-07-22,US,LA,,22,,,iso1:us#iso2:us-la,99466,3670,170594,1185406,400,,,,,,,,,2773,,,,0.124,,46.8,0.04,1.01,0.1,,,,3,,,62,
2020-07-23,US,LA,,22,,,iso1:us#iso2:us-la,101762,3686,174519,1220871,400,,,,,,,,,2296,,,,0.118,,46.8,0.04,1.0,0.1,,,,3,,,16,
2020-07-24,US,LA,,22,,,iso1:us#iso2:us-la,103846,3715,178086,1249718,400,,,,,,,,,2084,,,,0.116,,46.5,0.04,0.98,0.1,,,,3,,,29,
2020-07-25,US,LA,,22,,,iso1:us#iso2:us-la,103846,3715,180711,1269664,400,,,,,,,,,0,,,,0.117,,46.5,0.04,0.97,0.1,,,,3,,,0,
2020-07-26,US,LA,,22,,,iso1:us#iso2:us-la,107686,3763,182086,1278375,400,,,,,,,,,3840,,,,0.117,,48.8,0.04,0.96,0.1,,,,3,,,48,
2020-07-27,US,LA,,22,,,iso1:us#iso2:us-la,110029,3786,184710,1296572,400,,,,,,,,,2343,,,,0.117,,46.2,0.04,0.95,0.1,,,,3,,,23,
2020-07-28,US,LA,,22,,,iso1:us#iso2:us-la,111150,3812,187266,1316338,400,,,,,,,,,1121,,,,0.116,,44.4,0.04,0.94,0.1,,,,3,,,26,
2020-07-29,US,LA,,22,,,iso1:us#iso2:us-la,112887,3883,190045,1338464,400,,,,,,,,,1737,,,,0.113,,41.2,0.04,0.93,0.1,,,,3,,,71,
2020-07-30,US,LA,,22,,,iso1:us#iso2:us-la,114595,3925,193009,1361630,400,,,,,,,,,1708,,,,0.116,,39.4,0.04,0.92,0.1,,,,3,,,42,
2020-07-31,US,LA,,22,,,iso1:us#iso2:us-la,116394,3949,195436,1381052,400,,,,,,,,,1799,,,,0.117,,38.6,0.04,0.91,0.1,,,,3,,,24,
2020-08-01,US,LA,,22,,,iso1:us#iso2:us-la,116394,3949,197333,1396355,400,,,,,,,,,0,,,,0.116,,38.6,0.04,0.9,0.1,,,,3,,,0,
2020-08-02,US,LA,,22,,,iso1:us#iso2:us-la,119861,4007,198366,1402133,400,,,,,,,,,3467,,,,0.116,,37.4,0.05,0.89,0.1,,,,3,,,58,
2020-08-03,US,LA,,22,,,iso1:us#iso2:us-la,120960,4024,200506,1419200,400,,,,,,,,,1099,,,,0.114,,33.6,0.05,0.87,0.1,,,,3,,,17,
2020-08-04,US,LA,,22,,,iso1:us#iso2:us-la,124575,4051,202857,1438900,400,,,,,,,,,3615,,,,0.113,,41.3,0.04,0.86,0.1,,,,3,,,27,
2020-08-05,US,LA,,22,,,iso1:us#iso2:us-la,126061,4096,205218,1460752,400,,,,,,,,,1486,,,,0.11,,40.5,0.04,0.85,0.1,,,,3,,,45,
2020-08-06,US,LA,,22,,,iso1:us#iso2:us-la,127364,4146,207386,1483518,400,,,,,,,,,1303,,,,0.106,,39.2,0.04,0.84,0.1,,,,3,,,50,
2020-08-07,US,LA,,22,,,iso1:us#iso2:us-la,128864,4207,209113,1501991,400,,,,,,,,,1500,,,,0.102,,38.3,0.04,0.82,0.1,,,,3,,,61,
2020-08-08,US,LA,,22,,,iso1:us#iso2:us-la,128864,4207,210201,1513154,400,,,,,,,,,0,,,,0.099,,38.3,0.04,0.81,0.1,,,,3,,,0,
2020-08-09,US,LA,,22,,,iso1:us#iso2:us-la,131517,4263,211227,1522687,400,,,,,,,,,2653,,,,0.096,,35.8,0.05,0.8,0.1,,,,3,,,56,
2020-08-10,US,LA,,22,,,iso1:us#iso2:us-la,132079,4287,212820,1537030,400,,,,,,,,,562,,,,0.095,,34.2,0.05,0.79,0.1,,,,3,,,24,
2020-08-11,US,LA,,22,,,iso1:us#iso2:us-la,133243,4313,214572,1557208,700,,,,,,,,,1164,,,,0.09,,26.6,0.11,0.79,0.1,,,,3,,,26,
2020-08-12,US,LA,,22,,,iso1:us#iso2:us-la,134427,4361,216722,1582334,700,,,,,,,,,1184,,,,0.086,,25.7,0.12,0.78,0.1,,,,3,,,48,
2020-08-13,US,LA,,22,,,iso1:us#iso2:us-la,135562,4402,218549,1603925,700,,,,,,,,,1135,,,,0.085,,25.2,0.12,0.78,0.1,,,,3,,,41,
2020-08-14,US,LA,,22,,,iso1:us#iso2:us-la,136860,4430,220065,1624174,700,,,,,,,,,1298,,,,0.082,,24.6,0.12,0.78,0.1,,,,2,,,28,
2020-08-15,US,LA,,22,,,iso1:us#iso2:us-la,136860,4430,221400,1639518,700,,,,,,,,,0,,,,0.081,,24.6,0.12,0.78,0.1,,,,2,,,0,
2020-08-16,US,LA,,22,,,iso1:us#iso2:us-la,138041,4507,222104,1646434,700,,,,,,,,,1181,,,,0.081,,20.0,0.15,0.79,0.1,,,,2,,,77,
2020-08-17,US,LA,,22,,,iso1:us#iso2:us-la,138608,4526,223460,1662207,700,,,,,,,,,567,,,,0.078,,20.1,0.15,0.8,0.1,,,,2,,,19,
2020-08-18,US,LA,,22,,,iso1:us#iso2:us-la,139248,4554,224969,1681931,700,,,,,,,,,640,,,,0.077,,18.5,0.16,0.81,0.1,,,,2,,,28,
2020-08-19,US,LA,,22,,,iso1:us#iso2:us-la,140044,4609,226688,1702064,700,,,,,,,,,796,,,,0.077,,17.3,0.17,0.82,0.1,,,,2,,,55,
2020-08-20,US,LA,,22,,,iso1:us#iso2:us-la,140962,4637,228070,1720626,700,,,,,,,,,918,,,,0.075,,16.6,0.18,0.84,0.1,,,,2,,,28,
2020-08-21,US,LA,,22,,,iso1:us#iso2:us-la,141861,4687,229456,1739159,700,,,,,,,,,899,,,,0.076,,15.4,0.2,0.85,0.1,,,,2,,,50,
2020-08-22,US,LA,,22,,,iso1:us#iso2:us-la,141861,4687,230326,1751776,700,,,,,,,,,0,,,,0.074,,15.4,0.2,0.87,0.1,,,,2,,,0,
2020-08-23,US,LA,,22,,,iso1:us#iso2:us-la,143084,4746,230860,1757728,700,,,,,,,,,1223,,,,0.073,,15.5,0.19,0.88,0.1,,,,2,,,59,
2020-08-24,US,LA,,22,,,iso1:us#iso2:us-la,143707,4764,232072,1769528,700,,,,,,,,,623,,,,0.074,,15.7,0.19,0.9,0.1,,,,2,,,18,
2020-08-25,US,LA,,22,,,iso1:us#iso2:us-la,144257,4797,233291,1785891,700,,,,,,,,,550,,,,0.074,,15.4,0.2,0.91,0.1,,,,2,,,33,
2020-08-26,US,LA,,22,,,iso1:us#iso2:us-la,145661,4851,234482,1802651,700,,,,,,,,,1404,,,,0.072,,17.3,0.17,0.92,0.1,,,,2,,,54,
2020-08-27,US,LA,,22,,,iso1:us#iso2:us-la,146338,4874,235153,1810812,700,,,,,,,,,677,,,,0.073,,16.5,0.18,0.94,0.1,,,,2,,,23,
2020-08-28,US,LA,,22,,,iso1:us#iso2:us-la,146944,4904,236132,1824928,700,,,,,,,,,606,,,,0.072,,15.6,0.19,0.94,0.1,,,,2,,,30,
2020-08-29,US,LA,,22,,,iso1:us#iso2:us-la,146944,4904,236979,1836596,700,,,,,,,,,0,,,,0.073,,15.6,0.19,0.95,0.1,,,,2,,,0,
2020-08-30,US,LA,,22,,,iso1:us#iso2:us-la,148568,4931,237529,1841618,700,,,,,,,,,1624,,,,0.074,,16.9,0.18,0.96,0.1,,,,2,,,27,
2020-08-31,US,LA,,22,,,iso1:us#iso2:us-la,148894,4950,238509,1855300,700,,,,,,,,,326,,,,0.07,,15.9,0.19,0.96,0.1,,,,2,,,19,
2020-09-01,US,LA,,22,,,iso1:us#iso2:us-la,149583,4984,239874,1873818,700,,9557,787,,1993,1388,282,,689,,,,0.07,,16.4,0.18,0.96,0.1,0.32,,0.7,2,,,34,
2020-09-02,US,LA,,22,,,iso1:us#iso2:us-la,150734,5004,241152,1893790,700,,9625,777,,1981,1393,278,,1151,,,,0.068,,15.6,0.19,0.96,0.1,0.32,,0.7,2,,,20,
2020-09-03,US,LA,,22,,,iso1:us#iso2:us-la,151547,5021,242553,1913036,700,,9568,730,,2000,1375,275,,813,,,,0.068,,16.0,0.19,0.96,0.1,0.31,,0.69,2,,,17,
2020-09-04,US,LA,,22,,,iso1:us#iso2:us-la,152369,5035,243711,1933063,700,,9402,707,,1983,1327,269,,822,,,,0.065,,16.7,0.18,0.96,0.1,0.29,,0.67,2,,,14,
2020-09-05,US,LA,,22,,,iso1:us#iso2:us-la,152369,5035,244482,1944921,700,,8970,720,,1972,1362,270,,0,,,,0.065,,16.7,0.18,0.95,0.1,0.31,,0.69,2,,,0,
2020-09-06,US,LA,,22,,,iso1:us#iso2:us-la,153764,5093,245058,1950923,700,,8841,740,,1961,1348,282,,1395,,,,0.064,,16.0,0.19,0.95,0.1,0.32,,0.69,2,,,58,
2020-09-07,US,LA,,22,,,iso1:us#iso2:us-la,154073,5105,245614,1958799,700,,8797,732,,1968,1274,267,,309,,,,0.064,,15.9,0.19,0.94,0.1,0.28,,0.65,2,,,12,
2020-09-08,US,LA,,22,,,iso1:us#iso2:us-la,154329,5118,246748,1978552,700,,8973,721,,1983,1300,271,,256,,,,0.062,,14.6,0.21,0.94,0.1,0.28,,0.66,2,,,13,
2020-09-09,US,LA,,22,,,iso1:us#iso2:us-la,155890,5140,247879,2001464,700,,9344,721,,1974,1321,268,,1561,,,,0.059,,15.8,0.19,0.94,0.1,0.29,,0.67,2,,,22,
2020-09-10,US,LA,,22,,,iso1:us#iso2:us-la,156354,5161,248870,2023020,700,,9385,694,,1990,1316,252,,464,,,,0.054,,14.8,0.2,0.93,0.1,0.27,,0.66,2,,,21,
2020-09-11,US,LA,,22,,,iso1:us#iso2:us-la,157109,5202,249832,2044530,700,,9434,665,,1979,1312,246,,755,,,,0.052,,14.6,0.21,0.93,0.1,0.27,,0.66,2,,,41,
2020-09-12,US,LA,,22,,,iso1:us#iso2:us-la,157109,5202,250578,2056277,700,,9201,664,,1979,1294,232,,0,,,,0.052,,14.6,0.21,0.93,0.1,0.25,,0.65,2,,,0,
2020-09-13,US,LA,,22,,,iso1:us#iso2:us-la,158390,5235,251076,2064477,700,,8958,644,,1969,1252,232,,1281,,,,0.05,,14.2,0.21,0.93,0.1,0.24,,0.64,2,,,33,
2020-09-14,US,LA,,22,,,iso1:us#iso2:us-la,158882,5252,251965,2080578,700,,8886,619,,1980,1250,232,,492,,,,0.05,,14.8,0.2,0.92,0.1,0.24,,0.63,2,,,17,
2020-09-15,US,LA,,22,,,iso1:us#iso2:us-la,159253,5278,252845,2098397,700,,9265,621,,1993,1264,234,,371,,,,0.048,,15.1,0.2,0.92,0.1,0.24,,0.63,2,,,26,
2020-09-16,US,LA,,22,,,iso1:us#iso2:us-la,159865,5294,253840,2118086,700,,9373,602,,2005,1282,223,,612,,,,0.049,,12.2,0.25,0.92,0.1,0.24,,0.64,2,,,16,
2020-09-17,US,LA,,22,,,iso1:us#iso2:us-la,160343,5311,254844,2141195,700,,9443,596,,2003,1302,216,,478,,,,0.048,,12.3,0.25,0.93,0.1,0.24,,0.65,2,,,17,
2020-09-18,US,LA,,22,,,iso1:us#iso2:us-la,161322,5340,255784,2161966,700,,9457,548,,2002,1339,220,,979,,,,0.048,,12.9,0.23,0.93,0.1,0.25,,0.67,2,,,29,
2020-09-19,US,LA,,22,,,iso1:us#iso2:us-la,161322,5340,256299,2174114,700,,9108,527,,2007,1293,207,,0,,,,0.046,,12.9,0.23,0.93,0.1,0.22,,0.64,2,,,0,
2020-09-20,US,LA,,22,,,iso1:us#iso2:us-la,162258,5366,256742,2179806,700,,8748,531,,2013,1224,204,,936,,,,0.047,,11.9,0.25,0.94,0.1,0.21,,0.61,2,,,26,
2020-09-21,US,LA,,22,,,iso1:us#iso2:us-la,162501,5375,257566,2195766,700,,8970,537,,1998,1253,195,,243,,,,0.046,,11.1,0.27,0.95,0.1,0.21,,0.63,2,,,9,
2020-09-22,US,LA,,22,,,iso1:us#iso2:us-la,163253,5386,258519,2217109,700,,9485,565,,1985,1299,195,,752,,,,0.046,,12.3,0.24,0.95,0.1,0.22,,0.65,2,,,11,
2020-09-23,US,LA,,22,,,iso1:us#iso2:us-la,163869,5407,259550,2240160,700,,9574,558,,2018,1338,190,,616,,,,0.045,,12.3,0.24,0.96,0.1,0.22,,0.66,2,,,21,
2020-09-24,US,LA,,22,,,iso1:us#iso2:us-la,164446,5423,260555,2259327,700,,9539,525,,2011,1321,192,,577,,,,0.046,,12.6,0.24,0.97,0.1,0.22,,0.66,2,,,16,
2020-09-25,US,LA,,22,,,iso1:us#iso2:us-la,165152,5444,261420,2278947,700,,9464,492,,1997,1273,185,,706,,,,0.046,,11.8,0.26,0.98,0.1,0.2,,0.64,2,,,21,
2020-09-26,US,LA,,22,,,iso1:us#iso2:us-la,165152,5444,262043,2291942,700,,9112,514,,1996,1277,181,,0,,,,0.046,,11.8,0.26,0.99,0.1,0.2,,0.64,2,,,0,
2020-09-27,US,LA,,22,,,iso1:us#iso2:us-la,166075,5465,262446,2298197,700,,8896,538,,1999,1233,183,,923,,,,0.046,,11.7,0.26,1.0,0.1,0.19,,0.62,2,,,21,
2020-09-28,US,LA,,22,,,iso1:us#iso2:us-la,166315,5480,263279,2313742,700,,8953,551,,2002,1230,181,,240,,,,0.046,,11.7,0.26,1.0,0.1,0.19,,0.61,2,,,15,
2020-09-29,US,LA,,22,,,iso1:us#iso2:us-la,166848,5490,264328,2337684,700,,9384,527,,2001,1285,184,,533,,,,0.046,,11.0,0.27,1.01,0.1,0.2,,0.64,2,,,10,
2020-09-30,US,LA,,22,,,iso1:us#iso2:us-la,167458,5511,265171,2359354,700,,9475,525,,2033,1289,176,,610,,,,0.045,,11.0,0.27,1.02,0.1,0.19,,0.63,2,,,21,
2020-10-01,US,LA,,22,,,iso1:us#iso2:us-la,168009,5519,265960,2378507,700,,9462,503,,2040,1306,184,,551,,,,0.043,,10.9,0.28,1.03,0.1,0.2,,0.64,2,,,8,
2020-10-02,US,LA,,22,,,iso1:us#iso2:us-la,168826,5545,266830,2397073,700,,9361,475,,2028,1277,174,,817,,,,0.044,,11.3,0.27,1.03,0.1,0.19,,0.63,2,,,26,
2020-10-03,US,LA,,22,,,iso1:us#iso2:us-la,168826,5545,267526,2410239,700,,8843,472,,2015,1285,171,,0,,,,0.044,,11.3,0.27,1.04,0.1,0.19,,0.64,2,,,0,
2020-10-04,US,LA,,22,,,iso1:us#iso2:us-la,169719,5577,267953,2416598,700,,8660,523,,2023,1243,170,,893,,,,0.044,,11.2,0.27,1.04,0.1,0.18,,0.61,2,,,32,
2020-10-05,US,LA,,22,,,iso1:us#iso2:us-la,169937,5586,268633,2433722,700,,8904,549,,2029,1254,177,,218,,,,0.043,,11.1,0.27,1.04,0.1,0.19,,0.62,2,,,9,
2020-10-06,US,LA,,22,,,iso1:us#iso2:us-la,170469,5592,269517,2454978,700,,9437,536,,2029,1286,163,,532,,,,0.042,,11.1,0.27,1.04,0.1,0.18,,0.63,2,,,6,
2020-10-07,US,LA,,22,,,iso1:us#iso2:us-la,172625,5604,270509,2478395,700,,9549,547,,2034,1291,167,,2156,,,,0.043,,15.9,0.19,1.04,0.1,0.18,,0.63,2,,,12,
2020-10-08,US,LA,,22,,,iso1:us#iso2:us-la,173149,5609,271432,2499361,700,,9472,545,,1947,1276,170,,524,,,,0.043,,15.8,0.19,1.04,0.1,0.2,,0.66,2,,,5,
2020-10-09,US,LA,,22,,,iso1:us#iso2:us-la,173406,5635,272152,2516193,700,,9112,534,,1937,1239,173,,257,,,,0.043,,14.1,0.21,1.04,0.1,0.2,,0.64,2,,,26,
2020-10-10,US,LA,,22,,,iso1:us#iso2:us-la,173406,5635,272671,2526036,700,,8799,530,,1903,1206,177,,0,,,,0.043,,14.1,0.21,1.04,0.1,0.2,,0.63,2,,,0,
2020-10-11,US,LA,,22,,,iso1:us#iso2:us-la,174587,5655,273137,2532551,700,,8740,557,,1904,1194,184,,1181,,,,0.043,,15.0,0.2,1.04,0.1,0.21,,0.63,2,,,20,
2020-10-12,US,LA,,22,,,iso1:us#iso2:us-la,174647,5669,273948,2548069,700,,9041,547,,1939,1239,181,,60,,,,0.044,,14.5,0.21,1.03,0.1,0.21,,0.64,2,,,14,
2020-10-13,US,LA,,22,,,iso1:us#iso2:us-la,175329,5679,274924,2568852,700,,9502,528,,1933,1286,180,,682,,,,0.045,,14.9,0.2,1.03,0.1,0.22,,0.67,2,,,10,
2020-10-14,US,LA,,22,,,iso1:us#iso2:us-la,176209,5695,275989,2590374,700,,9538,515,,1959,1287,173,,880,,,,0.047,,11.0,0.27,1.03,0.1,0.2,,0.66,2,,,16,
2020-10-15,US,LA,,22,,,iso1:us#iso2:us-la,176952,5707,276971,2610531,700,,9677,501,,1969,1297,160,,743,,,,0.047,,11.7,0.26,1.02,0.1,0.19,,0.66,2,,,12,
2020-10-16,US,LA,,22,,,iso1:us#iso2:us-la,177726,5727,277839,2628841,700,,9585,505,,1945,1272,156,,774,,,,0.048,,13.3,0.23,1.02,0.1,0.19,,0.65,2,,,20,
2020-10-17,US,LA,,22,,,iso1:us#iso2:us-la,177726,5727,278547,2639806,700,,9156,508,,1933,1226,160,,0,,,,0.049,,13.3,0.23,1.02,0.1,0.18,,0.63,2,,,0,
2020-10-18,US,LA,,22,,,iso1:us#iso2:us-la,178869,5750,279037,2647494,700,,8875,506,,1934,1210,170,,1143,,,,0.049,,13.2,0.23,1.02,0.1,0.19,,0.63,2,,,23,
2020-10-19,US,LA,,22,,,iso1:us#iso2:us-la,179070,5766,279862,2664056,700,,9007,500,,1935,1184,162,,201,,,,0.049,,13.6,0.22,1.01,0.1,0.18,,0.61,2,,,16,
2020-10-20,US,LA,,22,,,iso1:us#iso2:us-la,179769,5772,280777,2684516,700,,9461,566,,1958,1299,176,,699,,,,0.048,,13.6,0.22,1.01,0.1,0.21,,0.66,2,,,6,
2020-10-21,US,LA,,22,,,iso1:us#iso2:us-la,181132,5790,281720,2705416,700,,9602,576,,1971,1278,178,,1363,,,,0.047,,15.1,0.2,1.01,0.1,0.2,,0.65,2,,,18,
2020-10-22,US,LA,,22,,,iso1:us#iso2:us-la,181904,5799,282590,2726118,700,,9558,579,,1952,1209,172,,772,,,,0.046,,15.2,0.2,1.01,0.1,0.19,,0.62,2,,,9,
2020-10-23,US,LA,,22,,,iso1:us#iso2:us-la,182603,5820,283506,2743212,700,,9406,550,,1964,1254,176,,699,,,,0.047,,15.0,0.2,1.01,0.1,0.2,,0.64,2,,,21,
2020-10-24,US,LA,,22,,,iso1:us#iso2:us-la,182603,5820,284110,2754383,700,,9035,551,,1946,1222,178,,0,,,,0.046,,15.0,0.2,1.01,0.1,0.2,,0.63,2,,,0,
2020-10-25,US,LA,,22,,,iso1:us#iso2:us-la,183575,5837,284486,2759349,700,,8709,562,,1947,1173,174,,972,,,,0.046,,14.5,0.21,1.01,0.1,0.18,,0.6,2,,,17,
2020-10-26,US,LA,,22,,,iso1:us#iso2:us-la,183802,5854,285184,2773373,700,,9017,579,,1965,1207,192,,227,,,,0.046,,14.5,0.21,1.01,0.1,0.2,,0.61,2,,,17,
2020-10-27,US,LA,,22,,,iso1:us#iso2:us-la,184724,5872,286098,2794131,700,,9295,581,,1966,1252,200,,922,,,,0.046,,15.2,0.2,1.02,0.1,0.22,,0.64,2,,,18,
2020-10-28,US,LA,,22,,,iso1:us#iso2:us-la,185822,5890,287033,2812520,700,,9492,631,,1964,1295,196,,1098,,,,0.047,,14.4,0.21,1.03,0.1,0.23,,0.66,2,,,18,
2020-10-29,US,LA,,22,,,iso1:us#iso2:us-la,186216,5908,287809,2827909,700,,9413,601,,1867,1276,202,,394,,,,0.049,,13.3,0.23,1.04,0.1,0.25,,0.68,2,,,18,
2020-10-30,US,LA,,22,,,iso1:us#iso2:us-la,186649,5919,288700,2849533,700,,9413,544,,1862,1272,196,,433,,,,0.047,,12.4,0.24,1.06,0.1,0.25,,0.68,2,,,11,
2020-10-31,US,LA,,22,,,iso1:us#iso2:us-la,186649,5919,289424,2861135,700,,9307,539,,1863,1273,197,,0,,,,0.047,,12.4,0.24,1.07,0.1,0.25,,0.68,2,,,0,
2020-11-01,US,LA,,22,,,iso1:us#iso2:us-la,187720,5926,289861,2866050,700,,8729,584,,1867,1232,206,,1071,,,,0.048,,12.7,0.24,1.09,0.1,0.24,,0.66,2,,,7,
2020-11-02,US,LA,,22,,,iso1:us#iso2:us-la,187995,5934,290712,2881797,700,,8985,621,,1871,1217,206,,275,,,,0.049,,12.9,0.23,1.11,0.1,0.24,,0.65,2,,,8,
2020-11-03,US,LA,,22,,,iso1:us#iso2:us-la,189148,5951,291868,2904942,700,,9327,623,,1889,1276,199,,1153,,,,0.049,,13.6,0.22,1.14,0.1,0.25,,0.68,2,,,17,
2020-11-04,US,LA,,22,,,iso1:us#iso2:us-la,190164,5975,293130,2930866,700,,9396,637,,1897,1295,195,,1016,,,,0.049,,13.3,0.23,1.16,0.1,0.24,,0.68,2,,,24,
2020-11-05,US,LA,,22,,,iso1:us#iso2:us-la,190845,5995,294577,2956382,700,,9424,633,,1881,1269,193,,681,,,,0.05,,14.2,0.21,1.19,0.1,0.24,,0.67,2,,,20,
2020-11-06,US,LA,,22,,,iso1:us#iso2:us-la,191715,6016,295992,2981320,700,,9455,603,,1892,1275,189,,870,,,,0.052,,15.6,0.19,1.21,0.1,0.23,,0.67,2,,,21,
2020-11-07,US,LA,,22,,,iso1:us#iso2:us-la,191715,6016,296853,2995817,700,,9099,590,,1885,1263,185,,0,,,,0.052,,15.6,0.19,1.24,0.1,0.23,,0.67,2,,,0,
2020-11-08,US,LA,,22,,,iso1:us#iso2:us-la,192981,6036,297357,3000128,700,,8935,635,,1867,1216,188,,1266,,,,0.053,,16.2,0.19,1.26,0.1,0.22,,0.65,2,,,20,
2020-11-09,US,LA,,22,,,iso1:us#iso2:us-la,193372,6048,298440,3011437,700,,9138,665,,1894,1245,198,,391,,,,0.056,,16.5,0.18,1.28,0.1,0.23,,0.66,2,,,12,
2020-11-10,US,LA,,22,,,iso1:us#iso2:us-la,194702,6058,299756,3028600,700,,9596,677,,1876,1277,204,,1330,,,,0.06,,17.1,0.18,1.29,0.1,0.25,,0.68,2,,,10,
2020-11-11,US,LA,,22,,,iso1:us#iso2:us-la,194702,6058,301331,3049036,700,,9820,667,,1890,1310,141,,0,,,,0.065,,13.9,0.22,1.3,0.1,0.2,,0.69,2,,,0,
2020-11-12,US,LA,,22,,,iso1:us#iso2:us-la,198531,6097,303425,3073195,700,,9778,692,,1913,1358,144,,,,,,0.07,,,,1.31,0.1,0.21,,0.71,2,,,39,
2020-11-13,US,LA,,22,,,iso1:us#iso2:us-la,201981,6121,305240,3096538,700,,9676,716,,1922,1336,148,,3450,,,,0.074,,23.1,0.13,1.31,0.1,0.2,,0.7,2,,,24,
2020-11-14,US,LA,,22,,,iso1:us#iso2:us-la,201981,6121,306594,3110941,700,,9313,708,,1890,1293,154,,0,,,,0.078,,23.1,0.13,1.3,0.1,0.21,,0.68,2,,,0,
2020-11-15,US,LA,,22,,,iso1:us#iso2:us-la,204513,6132,307329,3116061,700,,9104,771,,1885,1267,224,,2532,,,,0.079,,27.6,0.11,1.29,0.1,0.27,,0.67,3,,,11,
2020-11-16,US,LA,,22,,,iso1:us#iso2:us-la,205059,6139,308913,3131205,700,,9159,843,,1876,1282,244,,546,,,,0.08,,28.2,0.11,1.28,0.1,0.29,,0.68,3,,,7,
2020-11-17,US,LA,,22,,,iso1:us#iso2:us-la,207685,6156,310422,3148852,700,,9473,856,,1875,1322,249,,2626,,,,0.081,,32.8,0.09,1.26,0.1,0.31,,0.71,3,,,17,
2020-11-18,US,LA,,22,,,iso1:us#iso2:us-la,209914,6184,312319,3172618,700,,9736,877,,1899,1340,260,,2229,,,,0.082,,40.8,0.07,1.24,0.1,0.32,,0.71,3,,,28,
2020-11-19,US,LA,,22,,,iso1:us#iso2:us-la,211966,6199,314511,3198816,700,,9726,909,,1916,1371,274,,2052,,,,0.081,,41.3,0.07,1.22,0.1,0.33,,0.72,3,,,15,
2020-11-20,US,LA,,22,,,iso1:us#iso2:us-la,216709,6233,316272,3220041,700,,9642,889,,1889,1334,263,,4743,,,,0.082,,45.3,0.07,1.2,0.1,0.32,,0.71,3,,,34,
2020-11-21,US,LA,,22,,,iso1:us#iso2:us-la,216709,6233,317153,3233352,700,,9259,913,,1903,1326,272,,0,,,,0.079,,45.3,0.07,1.18,0.1,0.32,,0.7,3,,,0,
2020-11-22,US,LA,,22,,,iso1:us#iso2:us-la,220192,6260,317685,3238760,700,,9139,944,,1896,1318,285,,3483,,,,0.078,,48.2,0.06,1.16,0.1,0.33,,0.7,3,,,27,
2020-11-23,US,LA,,22,,,iso1:us#iso2:us-la,221160,6284,319311,3260326,700,,9194,989,,1899,1318,285,,968,,,,0.075,,49.5,0.06,1.14,0.1,0.33,,0.69,3,,,24,
2020-11-24,US,LA,,22,,,iso1:us#iso2:us-la,224403,6323,321385,3286897,700,,9267,1018,,1904,1348,305,,3243,,,,0.074,,51.4,0.06,1.12,0.1,0.35,,0.71,3,,,39,
2020-11-25,US,LA,,22,,,iso1:us#iso2:us-la,225638,6350,324159,3331864,700,,9385,1042,,1891,1313,294,,1235,,,,0.069,,48.3,0.06,1.11,0.1,0.34,,0.69,3,,,27,
2020-11-26,US,LA,,22,,,iso1:us#iso2:us-la,225638,6350,325313,3341874,700,,8785,1021,,1874,1293,300,,0,,,,0.07,,42.0,0.07,1.1,0.1,0.34,,0.69,3,,,0,
2020-11-27,US,LA,,22,,,iso1:us#iso2:us-la,230602,6391,327217,3364920,700,,8699,1042,,1876,1284,308,,4964,,,,0.07,,42.7,0.07,1.09,0.1,0.34,,0.68,3,,,41,
2020-11-28,US,LA,,22,,,iso1:us#iso2:us-la,230602,6391,328983,3385748,700,,8673,1107,,1873,1265,312,,0,,,,0.072,,42.7,0.07,1.08,0.1,0.34,,0.68,3,,,0,
2020-11-29,US,LA,,22,,,iso1:us#iso2:us-la,232245,6407,330172,3391725,700,,8778,1137,,1882,1310,326,,1643,,,,0.075,,37.0,0.08,1.08,0.1,0.36,,0.7,3,,,16,
2020-11-30,US,LA,,22,,,iso1:us#iso2:us-la,232414,6420,332861,3418622,700,,8913,1213,,1865,1316,341,,169,,,,0.079,,34.6,0.09,1.07,0.1,0.38,,0.71,3,,,13,
2020-12-01,US,LA,,22,,,iso1:us#iso2:us-la,237740,6455,335962,3448787,700,,9570,1237,,1865,1351,345,,5326,,,,0.083,,41.0,0.07,1.07,0.1,0.4,,0.72,3,,,35,
2020-12-02,US,LA,,22,,,iso1:us#iso2:us-la,241335,6501,338757,3478273,700,,9708,1231,,1885,1345,355,,3595,,,,0.091,,48.2,0.06,1.06,0.1,0.4,,0.71,3,,,46,
2020-12-03,US,LA,,22,,,iso1:us#iso2:us-la,244078,6524,341707,3511357,700,,9755,1263,,1900,1376,376,,2743,,,,0.088,,56.7,0.05,1.06,0.1,0.42,,0.72,3,,,23,
2020-12-04,US,LA,,22,,,iso1:us#iso2:us-la,247177,6548,344284,3539795,800,,9735,1272,,1917,1410,400,,3099,,,,0.089,,50.9,0.07,1.06,0.1,0.44,,0.74,3,,,24,
2020-12-05,US,LA,,22,,,iso1:us#iso2:us-la,247177,6548,346111,3560467,800,,9451,1302,,1889,1406,403,,0,,,,0.089,,50.9,0.07,1.05,0.1,0.45,,0.74,3,,,0,
2020-12-06,US,LA,,22,,,iso1:us#iso2:us-la,251123,6584,347392,3567353,800,,9181,1335,,1900,1381,416,,3946,,,,0.089,,58.0,0.06,1.05,0.1,0.44,,0.73,3,,,36,
2020-12-07,US,LA,,22,,,iso1:us#iso2:us-la,252136,6607,349932,3590615,800,,9376,1440,,1890,1388,454,,1013,,,,0.09,,60.6,0.06,1.04,0.1,0.47,,0.73,3,,,23,
2020-12-08,US,LA,,22,,,iso1:us#iso2:us-la,254562,6652,352796,3622144,800,,9820,1444,,1908,1444,448,,2426,,,,0.089,,51.7,0.07,1.04,0.1,0.49,,0.76,3,,,45,
2020-12-09,US,LA,,22,,,iso1:us#iso2:us-la,258914,6684,355597,3653586,800,,10076,1467,,1881,1457,452,,4352,,,,0.088,,54.0,0.06,1.03,0.1,0.52,,0.77,3,,,32,
2020-12-10,US,LA,,22,,,iso1:us#iso2:us-la,261329,6724,358458,3684074,800,,10095,1461,,1901,1451,438,,2415,,,,0.088,,53.0,0.06,1.03,0.1,0.49,,0.76,3,,,40,
2020-12-11,US,LA,,22,,,iso1:us#iso2:us-la,264191,6767,361093,3709953,800,,9962,1449,,1904,1458,429,,2862,,,,0.09,,52.3,0.07,1.02,0.1,0.49,,0.77,3,,,43,
2020-12-12,US,LA,,22,,,iso1:us#iso2:us-la,264191,6767,363401,3728956,800,,9626,1414,,1847,1369,418,,0,,,,0.093,,52.3,0.07,1.01,0.1,0.47,,0.74,3,,,0,
2020-12-13,US,LA,,22,,,iso1:us#iso2:us-la,268613,6818,364772,3736353,800,,9356,1410,,1850,1373,441,,4422,,,,0.093,,53.7,0.06,1.01,0.1,0.48,,0.74,3,,,51,
2020-12-14,US,LA,,22,,,iso1:us#iso2:us-la,269643,6845,366881,3752821,800,,9464,1457,,1863,1392,446,,1030,,,,0.095,,53.8,0.06,1.0,0.1,0.49,,0.75,3,,,27,
2020-12-15,US,LA,,22,,,iso1:us#iso2:us-la,272276,6895,368212,3770400,800,,9842,1416,,1872,1407,453,,2633,,,,0.094,,54.4,0.06,1.0,0.1,0.49,,0.75,3,,,50,
2020-12-16,US,LA,,22,,,iso1:us#iso2:us-la,275545,6933,370318,3794591,800,,10114,1445,,1914,1462,463,,3269,,,,0.095,,51.1,0.07,0.99,0.1,0.51,,0.76,3,,,38,
2020-12-17,US,LA,,22,,,iso1:us#iso2:us-la,279321,6964,373139,3823133,800,,9970,1387,,1899,1456,466,,3776,,,,0.095,,55.3,0.06,0.99,0.1,0.51,,0.77,3,,,31,
2020-12-18,US,LA,,22,,,iso1:us#iso2:us-la,282434,6994,375788,3848390,800,,9838,1396,,1904,1416,452,,3113,,,,0.096,,56.1,0.06,0.99,0.1,0.48,,0.74,3,,,30,
2020-12-19,US,LA,,22,,,iso1:us#iso2:us-la,282434,6994,377748,3867467,800,,9561,1428,,1888,1399,456,,0,,,,0.094,,56.1,0.06,0.99,0.1,0.48,,0.74,3,,,0,
2020-12-20,US,LA,,22,,,iso1:us#iso2:us-la,286145,7042,379210,3874993,800,,9299,1468,,1861,1385,460,,3711,,,,0.094,,53.9,0.06,1.0,0.1,0.49,,0.74,3,,,48,
2020-12-21,US,LA,,22,,,iso1:us#iso2:us-la,287261,7107,382029,3896707,800,,9483,1532,,1888,1421,452,,1116,,,,0.095,,54.1,0.06,1.0,0.1,0.49,,0.75,3,,,65,
2020-12-22,US,LA,,22,,,iso1:us#iso2:us-la,290960,7158,385273,3925574,800,,9763,1562,,1879,1431,501,,3699,,,,0.099,,57.4,0.06,1.01,0.1,0.53,,0.76,3,,,51,
2020-12-23,US,LA,,22,,,iso1:us#iso2:us-la,293934,7226,388595,3951947,800,,9736,1503,,1909,1426,479,,2974,,,,0.104,,56.5,0.06,1.02,0.1,0.5,,0.75,3,,,68,
2020-12-24,US,LA,,22,,,iso1:us#iso2:us-la,296499,7272,390836,3975128,800,,9060,1449,,1881,1354,455,,2565,,,,0.104,,52.8,0.07,1.03,0.1,0.46,,0.72,3,,,46,
2020-12-25,US,LA,,22,,,iso1:us#iso2:us-la,296499,7272,391957,3984000,800,,8291,1403,,1889,1333,464,,0,,,,0.107,,43.2,0.08,1.04,0.1,0.45,,0.71,3,,,0,
2020-12-26,US,LA,,22,,,iso1:us#iso2:us-la,296499,7272,393704,3995247,800,,8282,1399,,1873,1316,435,,0,,,,0.111,,43.2,0.08,1.05,0.1,0.44,,0.7,3,,,0,
2020-12-27,US,LA,,22,,,iso1:us#iso2:us-la,299722,7291,395424,4001438,800,,8633,1481,,1849,1344,461,,3223,,,,0.114,,41.7,0.08,1.07,0.1,0.48,,0.73,3,,,19,
2020-12-28,US,LA,,22,,,iso1:us#iso2:us-la,300539,7336,399369,4027261,800,,9084,1563,,1850,1377,476,,817,,,,0.117,,40.8,0.08,1.08,0.1,0.5,,0.74,3,,,45,
2020-12-29,US,LA,,22,,,iso1:us#iso2:us-la,304485,7397,403501,4063442,800,,9685,1599,,1856,1442,493,,3946,,,,0.117,,41.6,0.08,1.09,0.1,0.54,,0.78,3,,,61,
2020-12-30,US,LA,,22,,,iso1:us#iso2:us-la,311229,7448,408541,4104429,800,,9892,1619,,1869,1456,417,,6744,,,,0.116,,53.1,0.06,1.09,0.1,0.5,,0.78,3,,,51,
2020-12-31,US,LA,,22,,,iso1:us#iso2:us-la,315275,7488,412283,4139670,800,,9869,1690,,1883,1468,517,,4046,,,,0.115,,57.7,0.06,1.1,0.1,0.55,,0.78,3,,,40,
2021-01-01,US,LA,,22,,,iso1:us#iso2:us-la,315275,7488,414254,4151594,800,,9361,1665,,1853,1401,507,,0,,,,0.117,,57.7,0.06,1.1,0.1,0.53,,0.76,3,,,0,
2021-01-02,US,LA,,22,,,iso1:us#iso2:us-la,315275,7488,416999,4173057,800,,9164,1661,,1851,1408,521,,0,,,,0.116,,57.7,0.06,1.1,0.1,0.54,,0.76,3,,,0,
2021-01-03,US,LA,,22,,,iso1:us#iso2:us-la,321058,7537,419169,4180622,800,,9235,1767,,1859,1428,452,,5783,,,,0.117,,65.6,0.05,1.1,0.1,0.51,,0.77,3,,,49,
2021-01-04,US,LA,,22,,,iso1:us#iso2:us-la,322181,7585,423506,4208286,800,,9380,1810,,1858,1453,484,,1123,,,,0.118,,66.5,0.05,1.09,0.1,0.54,,0.78,3,,,48,
2021-01-05,US,LA,,22,,,iso1:us#iso2:us-la,326648,7635,428283,4247665,800,,9791,1820,,1852,1487,487,,4467,,,,0.119,,68.1,0.05,1.08,0.1,0.57,,0.8,3,,,50,
2021-01-06,US,LA,,22,,,iso1:us#iso2:us-la,333524,7681,432584,4280475,800,,10049,1855,,1886,1493,519,,6876,,,,0.12,,68.5,0.05,1.06,0.1,0.57,,0.79,3,,,46,
2021-01-07,US,LA,,22,,,iso1:us#iso2:us-la,338054,7728,436251,4312267,800,,10165,1895,,1874,1494,501,,4530,,,,0.122,,70.0,0.05,1.05,0.1,0.57,,0.8,3,,,47,
2021-01-08,US,LA,,22,,,iso1:us#iso2:us-la,341431,7833,439734,4342948,800,,10175,1860,,1884,1530,508,,3377,,,,0.118,,80.4,0.04,1.03,0.1,0.59,,0.81,5,,,,
2021-01-09,US,LA,,22,,,iso1:us#iso2:us-la,341431,7833,441858,4361990,800,,9837,1762,,1888,1517,496,,0,,,,0.116,,80.4,0.04,1.01,0.1,0.57,,0.8,5,,,0,
2021-01-10,US,LA,,22,,,iso1:us#iso2:us-la,346829,7873,443472,4371709,800,,9532,1787,,1873,1472,497,,5398,,,,0.113,,79.2,0.04,1.0,0.1,0.55,,0.79,5,,,40,
2021-01-11,US,LA,,22,,,iso1:us#iso2:us-la,348234,7918,446298,4394053,800,,9644,1823,,1888,1479,508,,1405,,,,0.109,,80.1,0.04,0.98,0.1,0.55,,0.78,5,,,45,
2021-01-12,US,LA,,22,,,iso1:us#iso2:us-la,352939,7971,449272,4426808,800,,9967,1762,,1886,1490,518,,4705,,,,0.105,,80.8,0.04,0.96,0.1,0.57,,0.79,5,,,53,
2021-01-13,US,LA,,22,,,iso1:us#iso2:us-la,355835,8022,452519,4458806,800,,10180,1795,,1904,1492,513,,2896,,,,0.101,,68.6,0.05,0.94,0.1,0.55,,0.78,3,,,51,
2021-01-14,US,LA,,22,,,iso1:us#iso2:us-la,361148,8080,455347,4487377,800,,10195,1801,,1892,1518,501,,5313,370175,149064,26440,0.098,,71.0,0.05,0.93,0.1,0.57,,0.8,3,0.032,0.006,58,175811
2021-01-15,US,LA,,22,,,iso1:us#iso2:us-la,364853,8080,457896,4515078,800,,10176,1833,,1903,1501,498,,3705,370175,167193,30416,0.095,,72.0,0.05,0.92,0.1,0.55,,0.79,3,0.036,0.007,0,197967
2021-01-16,US,LA,,22,,,iso1:us#iso2:us-la,364853,8080,459503,4532065,800,,9932,1739,,1899,1496,491,,0,,,,0.094,,72.0,0.05,0.91,0.1,0.55,,0.79,3,,,0,
2021-01-17,US,LA,,22,,,iso1:us#iso2:us-la,368980,8203,460794,4539732,800,,9778,1690,,1892,1481,493,,4127,,,,0.093,,68.1,0.05,0.9,0.1,0.55,,0.78,3,,,123,
2021-01-18,US,LA,,22,,,iso1:us#iso2:us-la,369951,8253,462424,4552224,800,,9840,1707,,1909,1474,493,,971,,,,0.093,,66.7,0.05,0.89,0.1,0.53,,0.77,3,,,50,
2021-01-19,US,LA,,22,,,iso1:us#iso2:us-la,372089,8324,463553,4564905,800,,10023,1653,,1905,1453,475,,2138,370175,221109,33967,0.094,,58.8,0.06,0.89,0.1,0.51,,0.76,3,0.048,0.007,71,255591
2021-01-20,US,LA,,22,,,iso1:us#iso2:us-la,374582,8383,464546,4575978,800,,10407,1631,,1920,1478,452,,2493,485625,228831,35049,0.093,,57.6,0.06,0.88,0.1,0.51,,0.77,3,0.049,0.008,59,264400
2021-01-21,US,LA,,22,,,iso1:us#iso2:us-la,378318,8442,465548,4585989,800,,10280,1595,,1923,1500,424,,3736,492800,240762,38095,0.094,,52.8,0.07,0.88,0.1,0.5,,0.78,3,0.052,0.008,59,279398
2021-01-22,US,LA,,22,,,iso1:us#iso2:us-la,380255,8483,466722,4599990,800,,10175,1524,,1899,1464,433,,1937,506200,256670,40385,0.094,,47.3,0.07,0.88,0.1,0.5,,0.77,3,0.055,0.009,41,297655
2021-01-23,US,LA,,22,,,iso1:us#iso2:us-la,380255,8483,467511,4609387,800,,9790,1481,,1895,1450,415,,0,543700,272630,41788,0.094,,47.3,0.07,0.88,0.1,0.48,,0.77,3,0.059,0.009,0,315023
2021-01-24,US,LA,,22,,,iso1:us#iso2:us-la,383862,8565,468324,4614219,800,,9583,1494,,1890,1438,404,,3607,543700,290955,42520,0.092,,45.7,0.08,0.88,0.1,0.47,,0.76,3,0.063,0.009,82,334086
2021-01-25,US,LA,,22,,,iso1:us#iso2:us-la,385942,8590,469729,4627397,800,,9786,1490,,1903,1451,413,,2080,543700,297684,43151,0.089,,49.1,0.07,0.88,0.1,0.48,,0.76,3,0.064,0.009,25,341447
2021-01-26,US,LA,,22,,,iso1:us#iso2:us-la,388562,8621,471104,4645895,800,,10123,1502,,1891,1480,494,,2620,602025,301874,43189,0.085,,50.6,0.07,0.88,0.1,0.55,,0.78,3,0.065,0.009,31,345675
2021-01-27,US,LA,,22,,,iso1:us#iso2:us-la,392416,8688,472394,4662996,800,,10280,1483,,1909,1498,399,,3854,620325,311135,46954,0.083,,54.8,0.06,0.87,0.1,0.49,,0.78,3,0.067,0.01,67,358746
2021-01-28,US,LA,,22,,,iso1:us#iso2:us-la,394909,8743,473476,4677063,800,,10075,1400,,1936,1488,384,,2493,620425,323609,51583,0.08,,51.0,0.07,0.87,0.1,0.46,,0.77,3,0.07,0.011,55,375895
2021-01-29,US,LA,,22,,,iso1:us#iso2:us-la,397276,8801,474483,4691738,800,,9924,1369,,1916,1458,376,,2367,620425,339450,58132,0.078,,52.3,0.07,0.86,0.1,0.45,,0.76,3,0.073,0.013,58,398312
2021-01-30,US,LA,,22,,,iso1:us#iso2:us-la,397276,8801,475102,4699934,800,,9478,1309,,1894,1382,366,,0,648925,355024,65136,0.077,,52.3,0.07,0.85,0.1,0.42,,0.73,3,0.076,0.014,0,420908
2021-01-31,US,LA,,22,,,iso1:us#iso2:us-la,400626,8859,475731,4704879,800,,9286,1271,,1875,1351,386,,3350,648925,369486,73436,0.076,,51.5,0.07,0.84,0.1,0.42,,0.72,3,0.079,0.016,58,443715
2021-02-01,US,LA,,22,,,iso1:us#iso2:us-la,401591,8912,476671,4718207,800,,9601,1307,,1891,1388,381,,965,648925,376491,85872,0.071,,48.1,0.07,0.83,0.1,0.43,,0.73,3,0.081,0.018,53,463179
2021-02-02,US,LA,,22,,,iso1:us#iso2:us-la,404194,8953,477977,4744201,800,,10106,1276,,1895,1393,367,,2603,736850,378574,96606,0.065,,48.0,0.07,0.82,0.1,0.42,,0.74,3,0.081,0.021,41,476014
2021-02-03,US,LA,,22,,,iso1:us#iso2:us-la,406235,9006,479380,4768054,800,,9892,1209,,1875,1347,344,,2041,746550,384041,104070,0.062,,42.5,0.08,0.8,0.1,0.39,,0.72,3,0.083,0.022,53,488960
2021-02-04,US,LA,,22,,,iso1:us#iso2:us-la,408995,9044,480390,4784172,800,,9793,1166,,1870,1361,336,,2760,746550,393389,115629,0.061,,43.3,0.08,0.79,0.1,0.4,,0.73,3,0.085,0.025,38,509982
2021-02-05,US,LA,,22,,,iso1:us#iso2:us-la,409861,9076,481127,4800923,800,,9688,1135,,1860,1337,317,,866,746550,404021,131355,0.057,,38.7,0.09,0.78,0.1,0.38,,0.72,3,0.087,0.028,32,536404
2021-02-06,US,LA,,22,,,iso1:us#iso2:us-la,409861,9076,481702,4809851,800,,9351,1063,,1873,1307,304,,0,769750,419327,150219,0.057,,38.7,0.09,0.77,0.1,0.35,,0.7,3,0.09,0.032,0,570731
2021-02-07,US,LA,,22,,,iso1:us#iso2:us-la,411812,9119,482075,4813616,800,,9172,1041,,1870,1282,304,,1951,769750,431119,167576,0.055,,34.4,0.1,0.76,0.1,0.34,,0.69,3,0.093,0.036,43,599941
2021-02-08,US,LA,,22,,,iso1:us#iso2:us-la,412989,9142,482711,4824233,800,,9252,1038,,1858,1280,298,,1177,,,,0.054,,35.0,0.1,0.75,0.1,0.34,,0.69,3,,,23,
2021-02-09,US,LA,,22,,,iso1:us#iso2:us-la,414354,9162,483382,4841673,800,,9757,1005,,1871,1330,286,,1365,880150,438336,180112,0.053,,31.2,0.11,0.74,0.1,0.35,,0.71,3,0.094,0.039,20,619729
2021-02-10,US,LA,,22,,,iso1:us#iso2:us-la,414687,9212,484137,4860831,800,,10021,966,,1876,1369,277,,333,882350,448139,189574,0.049,,26.0,0.13,0.74,0.1,0.35,,0.73,3,0.096,0.041,50,639019
2021-02-11,US,LA,,22,,,iso1:us#iso2:us-la,417415,9239,484925,4880863,800,,9840,899,,1892,1341,278,,2728,894850,448139,189574,0.045,,25.9,0.13,0.74,0.1,0.34,,0.71,3,0.096,0.041,27,639019
2021-02-12,US,LA,,22,,,iso1:us#iso2:us-la,418585,9276,485953,4903406,800,,9705,851,,1867,1339,270,,1170,894850,482025,217681,0.045,,26.8,0.13,0.74,0.1,0.34,,0.72,3,0.104,0.047,37,701110
2021-02-13,US,LA,,22,,,iso1:us#iso2:us-la,418585,9276,486695,4917332,800,,9191,783,,1853,1303,255,,0,895150,501286,232766,0.044,,26.8,0.13,0.75,0.1,0.32,,0.7,3,0.108,0.05,0,735622
2021-02-14,US,LA,,22,,,iso1:us#iso2:us-la,419891,9292,487165,4923334,800,,8969,774,,1859,1256,242,,1306,895150,518682,248848,0.044,,24.8,0.14,0.76,0.1,0.29,,0.68,2,0.112,0.054,16,769155
2021-02-15,US,LA,,22,,,iso1:us#iso2:us-la,420394,9325,487477,4930187,800,,8851,759,,1841,1222,240,,503,,,,0.043,,22.8,0.15,0.77,0.1,0.28,,0.66,2,,,33,
2021-02-16,US,LA,,22,,,iso1:us#iso2:us-la,420394,9325,487827,4936785,800,,8920,773,,1841,1240,233,,0,895350,528052,255269,0.045,,18.6,0.19,0.78,0.1,0.28,,0.67,2,0.114,0.055,0,784976
2021-02-17,US,LA,,22,,,iso1:us#iso2:us-la,421018,9391,488436,4951423,800,,9022,755,,1829,1242,226,,624,900725,531448,258404,0.045,,19.5,0.18,0.8,0.1,0.28,,0.68,2,0.114,0.056,66,791574
2021-02-18,US,LA,,22,,,iso1:us#iso2:us-la,421846,9406,489042,4967237,800,,9129,743,,1841,1288,220,,828,928425,533933,259851,0.045,,13.6,0.25,0.81,0.1,0.28,,0.7,2,0.115,0.056,15,795511
2021-02-19,US,LA,,22,,,iso1:us#iso2:us-la,422287,9440,489764,4985835,800,,9204,727,,1840,1271,210,,441,987625,572666,285057,0.044,,11.4,0.3,0.83,0.1,0.27,,0.69,2,0.123,0.061,34,859565
2021-02-20,US,LA,,22,,,iso1:us#iso2:us-la,422287,9440,490281,4997055,800,,9029,685,,1823,1274,203,,0,1012000,582482,293295,0.043,,11.4,0.3,0.84,0.1,0.27,,0.7,2,0.125,0.063,0,877683
2021-02-21,US,LA,,22,,,iso1:us#iso2:us-la,424176,9466,490787,5005866,800,,8963,660,,1823,1273,195,,1889,1042225,590652,301923,0.042,,13.2,0.26,0.86,0.1,0.26,,0.7,2,0.127,0.065,26,894519
2021-02-22,US,LA,,22,,,iso1:us#iso2:us-la,424644,9477,491673,5023743,800,,9139,649,,1840,1266,193,,468,1043200,585541,302205,0.043,,13.1,0.26,0.87,0.1,0.25,,0.69,2,0.126,0.065,11,903226
2021-02-23,US,LA,,22,,,iso1:us#iso2:us-la,426048,9503,492506,5049801,800,,9527,639,,1850,1379,183,,1404,1127670,587123,304651,0.04,,17.4,0.2,0.88,0.1,0.28,,0.75,2,0.126,0.066,26,907334
2021-02-24,US,LA,,22,,,iso1:us#iso2:us-la,426925,9528,493232,5073471,800,,9657,623,,1878,1322,181,,877,1247910,592378,312695,0.038,,18.2,0.19,0.89,0.1,0.25,,0.7,2,0.127,0.067,25,920794
2021-02-25,US,LA,,22,,,iso1:us#iso2:us-la,427689,9561,494031,5095844,800,,9792,607,,1870,1324,181,,764,1264780,601353,325913,0.037,,18.0,0.19,0.89,0.1,0.25,,0.71,2,0.129,0.07,33,943419
2021-02-26,US,LA,,22,,,iso1:us#iso2:us-la,428592,9587,494722,5116628,800,,9763,601,,1890,1336,186,,903,1281480,617832,343923,0.037,,19.4,0.18,0.89,0.1,0.25,,0.71,2,0.133,0.074,26,978234
2021-02-27,US,LA,,22,,,iso1:us#iso2:us-la,428592,9587,495188,5129405,800,,9398,583,,1873,1292,174,,0,1331680,640314,361607,0.036,,19.4,0.18,0.89,0.1,0.23,,0.69,2,0.138,0.078,0,1019381
2021-02-28,US,LA,,22,,,iso1:us#iso2:us-la,430100,9608,495580,5135449,800,,9169,576,,1867,1243,179,,1508,1331680,664121,374818,0.036,,18.2,0.19,0.89,0.1,0.22,,0.67,2,0.143,0.081,21,1056975
2021-03-01,US,LA,,22,,,iso1:us#iso2:us-la,430504,9628,496248,5154154,800,,9211,576,,1849,1224,182,,404,1331680,678364,379791,0.034,,18.0,0.19,0.89,0.1,0.23,,0.66,2,0.146,0.082,20,1076576
2021-03-02,US,LA,,22,,,iso1:us#iso2:us-la,431271,9647,496900,5181054,800,,9464,548,,1862,1274,168,,767,1479200,684129,381780,0.032,,16.1,0.21,0.89,0.1,0.22,,0.68,2,0.147,0.082,19,1084499
2021-03-03,US,LA,,22,,,iso1:us#iso2:us-la,431771,9668,497466,5204090,800,,9623,522,,1867,1282,163,,500,1482470,699188,389540,0.031,,14.9,0.23,0.88,0.1,0.22,,0.69,2,0.15,0.084,21,1107626
2021-03-04,US,LA,,22,,,iso1:us#iso2:us-la,432527,9686,498044,5223507,800,,9494,495,,1857,1266,156,,756,1515740,717682,401946,0.03,,14.9,0.23,0.88,0.1,0.21,,0.68,2,0.154,0.086,18,1139071
2021-03-05,US,LA,,22,,,iso1:us#iso2:us-la,433045,9716,498547,5242682,800,,9475,511,,1858,1262,165,,518,1576670,740587,418275,0.029,,13.7,0.25,0.87,0.1,0.22,,0.68,2,0.159,0.09,30,1179138
2021-03-06,US,LA,,22,,,iso1:us#iso2:us-la,433045,9716,498890,5252594,800,,9070,498,,1851,1223,161,,0,1640860,741136,418865,0.029,,13.7,0.25,0.87,0.1,0.2,,0.66,2,0.159,0.09,0,1179915
2021-03-07,US,LA,,22,,,iso1:us#iso2:us-la,433785,9748,499126,5257338,800,,8946,494,,1852,1220,162,,740,1640860,741681,419762,0.028,,11.3,0.3,0.87,0.1,0.2,,0.66,2,0.16,0.09,32,1180945
2021-03-08,US,LA,,22,,,iso1:us#iso2:us-la,434289,9758,499648,5272939,800,,9097,512,,1857,1196,161,,504,1640860,805777,461597,0.028,,11.6,0.3,0.87,0.1,0.2,,0.64,2,0.173,0.099,10,1277889
2021-03-09,US,LA,,22,,,iso1:us#iso2:us-la,434926,9769,500307,5299487,800,,9475,489,,1867,1264,155,,637,1739230,811301,465217,0.028,,11.2,0.31,0.88,0.1,0.2,,0.68,2,0.175,0.1,11,1286353
2021-03-10,US,LA,,22,,,iso1:us#iso2:us-la,435514,9812,500915,5322113,800,,9719,498,,1839,1249,145,,588,1787330,825386,475726,0.028,,11.5,0.3,0.88,0.1,0.2,,0.68,2,0.178,0.102,43,1309279
2021-03-11,US,LA,,22,,,iso1:us#iso2:us-la,435935,9828,501467,5340257,800,,9530,448,,1850,1241,132,,421,1824270,846690,487828,0.028,,10.5,0.33,0.89,0.1,0.18,,0.67,2,0.182,0.105,16,1340630
2021-03-12,US,LA,,22,,,iso1:us#iso2:us-la,436482,9861,501927,5356538,800,,9477,447,,1844,1223,133,,547,1834230,872278,505211,0.029,,10.6,0.33,0.89,0.1,0.18,,0.66,2,0.188,0.109,33,1379998
2021-03-13,US,LA,,22,,,iso1:us#iso2:us-la,436482,9861,502284,5364900,800,,9138,421,,1833,1127,125,,0,1890870,925322,540820,0.029,,10.6,0.33,0.9,0.1,0.15,,0.61,2,0.199,0.116,0,1464259
2021-03-14,US,LA,,22,,,iso1:us#iso2:us-la,437393,9884,502584,5369940,800,,8840,417,,1825,1114,131,,911,1890870,925437,540865,0.03,,11.1,0.31,0.9,0.1,0.16,,0.61,2,0.199,0.116,23,1464377
2021-03-15,US,LA,,22,,,iso1:us#iso2:us-la,437565,9903,502961,5383794,800,,8969,429,,1835,1119,140,,172,1890870,937967,550112,0.029,,10.1,0.34,0.91,0.1,0.16,,0.61,2,0.202,0.118,19,1484459
2021-03-16,US,LA,,22,,,iso1:us#iso2:us-la,438557,9925,503247,5397770,800,,9424,405,,1830,1193,135,,992,2048220,945870,554135,0.029,,11.2,0.31,0.92,0.1,0.17,,0.65,2,0.203,0.119,22,1494482
2021-03-17,US,LA,,22,,,iso1:us#iso2:us-la,439002,9955,503470,5410905,800,,9593,402,,1836,1207,137,,445,2062360,963135,563448,0.028,,10.7,0.32,0.92,0.1,0.18,,0.66,2,0.207,0.121,30,1519050
2021-03-18,US,LA,,22,,,iso1:us#iso2:us-la,439543,9974,503792,5423782,800,,9473,384,,1856,1217,137,,541,2096030,963543,563914,0.027,,11.1,0.31,0.93,0.1,0.18,,0.66,2,0.207,0.121,19,1519659
2021-03-19,US,LA,,22,,,iso1:us#iso2:us-la,439737,9988,504106,5437439,800,,9353,392,,1857,1223,137,,194,2118260,1008581,588561,0.026,,10.0,0.34,0.93,0.1,0.18,,0.66,1,0.217,0.127,14,1587368
2021-03-20,US,LA,,22,,,iso1:us#iso2:us-la,439737,9988,504350,5445302,800,,8943,366,,1857,1182,131,,0,2164470,1034428,605878,0.025,,10.0,0.34,0.93,0.1,0.16,,0.64,1,0.223,0.13,0,1629437
2021-03-21,US,LA,,22,,,iso1:us#iso2:us-la,439737,9988,504559,5448706,800,,8744,386,,1851,1166,126,,0,2164470,1055689,620467,0.024,,7.2,0.48,0.93,0.1,0.16,,0.63,1,0.227,0.133,0,1664443
2021-03-22,US,LA,,22,,,iso1:us#iso2:us-la,441066,10030,504906,5459327,800,,8988,393,,1870,1182,135,,1329,2164470,1072631,628583,0.025,,10.8,0.32,0.93,0.1,0.16,,0.63,2,0.231,0.135,42,1688633
2021-03-23,US,LA,,22,,,iso1:us#iso2:us-la,441771,10037,505200,5474980,800,,9437,391,,1859,1205,136,,705,2296150,1076810,631472,0.025,,9.9,0.35,0.94,0.1,0.17,,0.65,1,0.232,0.136,7,1695779
2021-03-24,US,LA,,22,,,iso1:us#iso2:us-la,442221,10056,505504,5488594,800,,9561,377,,1837,1201,120,,450,2363200,1094503,643026,0.026,,9.9,0.35,0.94,0.1,0.16,,0.65,1,0.235,0.138,19,1725080
2021-03-25,US,LA,,22,,,iso1:us#iso2:us-la,442620,10073,505799,5501376,800,,9411,361,,1840,1188,116,,399,2411250,1113976,655710,0.025,,9.5,0.36,0.94,0.1,0.15,,0.65,1,0.24,0.141,17,1756494
2021-03-26,US,LA,,22,,,iso1:us#iso2:us-la,443069,10087,506103,5514685,800,,9389,355,,1840,1223,118,,449,2445770,1133250,673816,0.025,,10.2,0.34,0.95,0.1,0.16,,0.66,2,0.244,0.145,14,1793002
2021-03-27,US,LA,,22,,,iso1:us#iso2:us-la,443069,10087,506316,5523306,800,,9015,342,,1827,1164,112,,0,2550580,1156621,696039,0.025,,10.2,0.34,0.95,0.1,0.14,,0.64,2,0.249,0.15,0,1838055
2021-03-28,US,LA,,22,,,iso1:us#iso2:us-la,443069,10087,506509,5526882,800,,8770,336,,1814,1136,111,,0,2550580,1177111,719571,0.024,,10.2,0.34,0.95,0.1,0.14,,0.63,2,0.253,0.155,0,1882190
2021-03-29,US,LA,,22,,,iso1:us#iso2:us-la,443905,10122,506778,5538137,800,,8812,335,,1815,1094,108,,836,2550580,1191044,735056,0.023,,8.7,0.39,0.96,0.1,0.13,,0.6,1,0.256,0.158,35,1911134
2021-03-30,US,LA,,22,,,iso1:us#iso2:us-la,444414,10132,507117,5554035,800,,9314,325,,1830,1158,107,,509,2705530,1195911,739320,0.024,,8.1,0.42,0.97,0.1,0.14,,0.63,1,0.257,0.159,10,1920242
2021-03-31,US,LA,,22,,,iso1:us#iso2:us-la,444933,10141,507396,5572030,800,,9362,331,,1841,1181,105,,519,2719670,1219539,758829,0.022,,8.3,0.41,0.98,0.1,0.14,,0.64,1,0.262,0.163,9,1963625
2021-04-01,US,LA,,22,,,iso1:us#iso2:us-la,445469,10161,507722,5588440,800,,9207,315,,1854,1158,103,,536,2808840,1236985,780225,0.022,,8.8,0.39,0.99,0.1,0.13,,0.62,1,0.266,0.168,20,2003199
2021-04-02,US,LA,,22,,,iso1:us#iso2:us-la,445469,10161,507974,5597308,800,,8846,330,,1829,1120,96,,0,2889690,1259048,805242,0.022,,7.4,0.47,1.0,0.1,0.12,,0.61,1,0.271,0.173,0,2047718
2021-04-03,US,LA,,22,,,iso1:us#iso2:us-la,445469,10161,508204,5602740,800,,8182,297,,1822,1071,100,,0,2903390,1277773,833412,0.023,,7.4,0.47,1.01,0.1,0.12,,0.59,1,0.275,0.179,0,2093895
2021-04-04,US,LA,,22,,,iso1:us#iso2:us-la,445469,10161,508368,5605393,800,,8183,276,,1822,1071,108,,0,2903390,1288249,846771,0.023,,7.4,0.47,1.01,0.1,0.13,,0.59,1,0.277,0.182,0,2116985
2021-04-05,US,LA,,22,,,iso1:us#iso2:us-la,446737,10165,508689,5615958,800,,8324,289,,1826,1086,101,,1268,2903390,1294498,855263,0.024,,8.7,0.4,1.02,0.1,0.12,,0.59,1,0.278,0.184,4,2131488
2021-04-06,US,LA,,22,,,iso1:us#iso2:us-la,446955,10174,509004,5631695,800,,8962,290,,1825,1144,103,,218,3052610,1294375,855231,0.024,,7.8,0.44,1.03,0.1,0.13,,0.63,1,0.278,0.184,9,2134372
2021-04-07,US,LA,,22,,,iso1:us#iso2:us-la,447655,10185,509342,5648366,800,,9279,284,,1822,1158,101,,700,3118650,1306217,870909,0.025,,8.4,0.41,1.04,0.1,0.13,,0.64,1,0.281,0.187,11,2161015
2021-04-08,US,LA,,22,,,iso1:us#iso2:us-la,448104,10200,509718,5661365,800,,9231,271,,1829,1159,87,,449,3124520,1326416,893502,0.027,,8.1,0.43,1.04,0.1,0.11,,0.63,1,0.285,0.192,15,2199349
2021-04-09,US,LA,,22,,,iso1:us#iso2:us-la,448838,10216,510096,5673001,800,,9155,277,,1833,1176,89,,734,3159400,1346239,918167,0.027,,10.4,0.33,1.05,0.1,0.12,,0.64,2,0.29,0.198,16,2239421
2021-04-10,US,LA,,22,,,iso1:us#iso2:us-la,448838,10216,510361,5680165,800,,8901,271,,1820,1149,79,,0,3279090,1363546,943720,0.027,,10.4,0.33,1.05,0.1,0.11,,0.63,2,0.293,0.203,0,2279467
2021-04-11,US,LA,,22,,,iso1:us#iso2:us-la,448838,10216,510595,5684081,800,,8627,289,,1807,1104,93,,0,3279090,1379625,967358,0.028,,10.4,0.33,1.05,0.1,0.12,,0.61,2,0.297,0.208,0,2317149
2021-04-12,US,LA,,22,,,iso1:us#iso2:us-la,449827,10241,510953,5694898,800,,8865,311,,1818,1106,89,,989,3279090,1387740,978932,0.028,,9.5,0.36,1.05,0.1,0.11,,0.61,1,0.299,0.211,25,2334618
2021-04-13,US,LA,,22,,,iso1:us#iso2:us-la,450279,10255,511279,5709694,800,,9391,309,,1820,1159,81,,452,3371870,1392126,985901,0.028,,10.2,0.34,1.05,0.1,0.11,,0.64,2,0.299,0.212,14,2345503
2021-04-14,US,LA,,22,,,iso1:us#iso2:us-la,450673,10264,511606,5723046,800,,9553,326,,1831,1165,87,,394,3421430,1397631,991200,0.029,,9.3,0.37,1.04,0.1,0.12,,0.64,1,0.301,0.213,9,2355526
2021-04-15,US,LA,,22,,,iso1:us#iso2:us-la,451476,10273,511938,5734167,800,,9395,305,,1840,1174,88,,803,3428000,1410511,1017907,0.03,,10.4,0.33,1.04,0.1,0.12,,0.64,2,0.303,0.219,9,2394289
2021-04-16,US,LA,,22,,,iso1:us#iso2:us-la,451955,10282,512288,5745621,800,,9271,311,,1928,1144,88,,479,3433110,1420282,1041033,0.029,,9.6,0.36,1.03,0.1,0.1,,0.59,1,0.306,0.224,9,2427942
2021-04-17,US,LA,,22,,,iso1:us#iso2:us-la,451955,10282,512589,5752447,800,,8861,311,,1856,1103,92,,0,3513250,1430239,1062823,0.03,,9.6,0.36,1.03,0.1,0.11,,0.59,1,0.308,0.229,0,2460469
2021-04-18,US,LA,,22,,,iso1:us#iso2:us-la,451955,10282,512811,5756677,800,,8720,322,,1861,1112,98,,0,3513250,1438593,1083119,0.03,,9.6,0.36,1.02,0.1,0.12,,0.6,1,0.309,0.233,0,2489654
2021-04-19,US,LA,,22,,,iso1:us#iso2:us-la,453351,10293,513148,5767116,800,,8892,336,,1873,1128,103,,1396,3513250,1443175,1095418,0.029,,10.8,0.32,1.01,0.1,0.12,,0.6,2,0.31,0.236,11,2507009
2021-04-20,US,LA,,22,,,iso1:us#iso2:us-la,453711,10306,513518,5783252,800,,9351,327,,1879,1178,93,,360,3543970,1445842,1102477,0.03,,10.5,0.33,1.01,0.1,0.12,,0.63,2,0.311,0.237,13,2517042
2021-04-21,US,LA,,22,,,iso1:us#iso2:us-la,454377,10316,513861,5796232,800,,9510,321,,1866,1172,94,,666,3563140,1451415,1119639,0.03,,11.4,0.3,1.0,0.1,0.12,,0.63,2,0.312,0.241,10,2540302
2021-04-22,US,LA,,22,,,iso1:us#iso2:us-la,455000,10324,514117,5804836,800,,9418,315,,1869,1149,98,,623,3569610,1458030,1139692,0.03,,10.8,0.32,1.0,0.1,0.12,,0.61,2,0.314,0.245,8,2567548
2021-04-23,US,LA,,22,,,iso1:us#iso2:us-la,455541,10336,514370,5813118,800,,9305,311,,1851,1170,95,,541,3587450,1465586,1161411,0.03,,11.0,0.31,0.99,0.1,0.12,,0.63,2,0.315,0.25,12,2597790
2021-04-24,US,LA,,22,,,iso1:us#iso2:us-la,455541,10336,514595,5818182,800,,8846,293,,1847,1122,101,,0,3612910,1472582,1180168,0.03,,11.0,0.31,0.99,0.1,0.12,,0.61,2,0.317,0.254,0,2624038
2021-04-25,US,LA,,22,,,iso1:us#iso2:us-la,455541,10336,514751,5821357,800,,8640,297,,1840,1085,96,,0,3612910,1479847,1196740,0.029,,11.0,0.31,0.99,0.1,0.11,,0.59,2,0.318,0.257,0,2648411
2021-04-26,US,LA,,22,,,iso1:us#iso2:us-la,456432,10342,515005,5830078,800,,9015,304,,1839,1081,178,,891,3612910,1483708,1204822,0.029,,9.5,0.36,0.99,0.1,0.19,,0.59,1,0.319,0.259,6,2660514
2021-04-27,US,LA,,22,,,iso1:us#iso2:us-la,456884,10352,515285,5844308,800,,9333,307,,1832,1141,119,,452,3615450,1486493,1208193,0.028,,9.8,0.35,0.99,0.1,0.15,,0.62,1,0.32,0.26,10,2666718
2021-04-28,US,LA,,22,,,iso1:us#iso2:us-la,457326,10367,515551,5856749,800,,9523,301,,1838,1149,99,,442,3633820,1491946,1221651,0.027,,9.1,0.38,0.99,0.1,0.13,,0.63,1,0.321,0.263,15,2686441
2021-04-29,US,LA,,22,,,iso1:us#iso2:us-la,457896,10376,515830,5869194,800,,9583,320,,1826,1142,101,,570,3638020,1497817,1237218,0.026,,8.9,0.39,0.99,0.1,0.13,,0.63,1,0.322,0.266,9,2708187
2021-04-30,US,LA,,22,,,iso1:us#iso2:us-la,458581,10382,516151,5880574,800,,9400,309,,1849,1153,97,,685,3668620,1498488,1237494,0.026,,9.3,0.37,0.99,0.1,0.12,,0.62,1,0.322,0.266,6,2708891
2021-05-01,US,LA,,22,,,iso1:us#iso2:us-la,458581,10382,516395,5885649,800,,9098,287,,1841,1144,97,,0,3679770,1498914,1238226,0.026,,9.3,0.37,0.99,0.1,0.12,,0.62,1,0.322,0.266,0,2709800
2021-05-02,US,LA,,22,,,iso1:us#iso2:us-la,458581,10382,516564,5888360,800,,8844,283,,1843,1064,93,,0,3679770,1499129,1238388,0.026,,9.3,0.37,0.99,0.1,0.11,,0.58,1,0.322,0.266,0,2710055
2021-05-03,US,LA,,22,,,iso1:us#iso2:us-la,459340,10393,516855,5898411,800,,9019,310,,1849,1064,81,,759,3679770,1506718,1250722,0.026,,8.9,0.39,0.99,0.1,0.09,,0.58,1,0.324,0.269,11,2730594
2021-05-04,US,LA,,22,,,iso1:us#iso2:us-la,460337,10405,517228,5914868,800,,9454,307,,1854,1127,74,,997,3687450,1508110,1252156,0.027,,10.6,0.32,0.99,0.1,0.09,,0.61,2,0.324,0.269,12,2733324
2021-05-05,US,LA,,22,,,iso1:us#iso2:us-la,460803,10418,517536,5926856,800,,9661,319,,1863,1135,77,,466,3704660,1508346,1252525,0.028,,10.7,0.32,0.99,0.1,0.1,,0.61,2,0.324,0.269,13,2733787
2021-05-06,US,LA,,22,,,iso1:us#iso2:us-la,461210,10425,517887,5937750,800,,9442,308,,1864,1125,73,,407,3715320,1534669,1303293,0.029,,10.2,0.34,0.99,0.1,0.09,,0.6,2,0.33,0.28,7,2812519
2021-05-07,US,LA,,22,,,iso1:us#iso2:us-la,461773,10433,518283,5949458,800,,9241,331,,1846,1081,83,,563,3727300,1541192,1314693,0.03,,9.8,0.35,0.99,0.1,0.1,,0.59,1,0.332,0.283,8,2830235
2021-05-08,US,LA,,22,,,iso1:us#iso2:us-la,461773,10433,518566,5955548,800,,8635,327,,1845,1061,82,,0,3754030,1541563,1315113,0.03,,9.8,0.35,0.99,0.1,0.09,,0.58,1,0.332,0.283,0,2830772
2021-05-09,US,LA,,22,,,iso1:us#iso2:us-la,461773,10433,518809,5959726,800,,8406,308,,1834,1031,83,,0,3754030,1553840,1333541,0.03,,9.8,0.35,0.98,0.1,0.09,,0.56,1,0.334,0.287,0,2861659
2021-05-10,US,LA,,22,,,iso1:us#iso2:us-la,462868,10438,519277,5972341,800,,8634,293,,1844,1037,77,,1095,3754030,1557991,1338783,0.032,,10.8,0.32,0.98,0.1,0.09,,0.56,2,0.335,0.288,5,2870888
2021-05-11,US,LA,,22,,,iso1:us#iso2:us-la,463517,10451,519635,5983621,800,,9095,313,,1850,1082,78,,649,3764480,1560515,1342255,0.034,,9.8,0.35,0.98,0.1,0.09,,0.58,1,0.336,0.289,13,2876507
2021-05-12,US,LA,,22,,,iso1:us#iso2:us-la,463997,10463,519934,5992910,800,,9349,319,,1886,1149,77,,480,3771800,1565284,1349012,0.035,,9.8,0.35,0.97,0.1,0.09,,0.61,1,0.337,0.29,12,2888086
2021-05-13,US,LA,,22,,,iso1:us#iso2:us-la,464412,10469,520302,6001768,800,,9216,304,,1841,1107,76,,415,3775620,1569918,1356658,0.036,,9.8,0.35,0.97,0.1,0.09,,0.6,1,0.338,0.292,6,2900359
2021-05-14,US,LA,,22,,,iso1:us#iso2:us-la,464833,10478,520672,6012526,800,,9050,277,,1836,1107,77,,421,3789000,1574575,1363710,0.036,,9.4,0.37,0.97,0.1,0.1,,0.6,1,0.339,0.293,9,2912089
2021-05-15,US,LA,,22,,,iso1:us#iso2:us-la,464833,10478,520921,6018202,800,,8609,250,,1845,1056,69,,0,3797620,1580440,1371256,0.036,,9.4,0.37,0.97,0.1,0.08,,0.57,1,0.34,0.295,0,2924921
2021-05-16,US,LA,,22,,,iso1:us#iso2:us-la,464833,10478,521128,6021621,800,,8583,254,,1819,1007,67,,0,3797620,1580654,1371673,0.036,,9.4,0.37,0.96,0.1,0.08,,0.55,1,0.34,0.295,0,2925419
2021-05-17,US,LA,,22,,,iso1:us#iso2:us-la,465946,10489,521343,6027972,800,,8805,286,,1819,1013,67,,1113,3797620,1580779,1371788,0.036,,9.5,0.36,0.96,0.1,0.08,,0.56,1,0.34,0.295,11,2925540
2021-05-18,US,LA,,22,,,iso1:us#iso2:us-la,466440,10500,521635,6037445,800,,9204,293,,1825,1077,74,,494,3798220,1592554,1383370,0.036,,9.0,0.38,0.95,0.1,0.09,,0.59,1,0.343,0.298,11,2949415
2021-05-19,US,LA,,22,,,iso1:us#iso2:us-la,467055,10509,521966,6047928,800,,9328,292,,1830,1124,75,,615,3803830,1597539,1389079,0.036,,9.4,0.37,0.95,0.1,0.1,,0.61,1,0.344,0.299,9,2959952
2021-05-20,US,LA,,22,,,iso1:us#iso2:us-la,467475,10517,522238,6056105,800,,9396,281,,1839,1126,74,,420,3815750,1604264,1394985,0.034,,9.4,0.37,0.95,0.1,0.09,,0.61,1,0.345,0.3,8,2972438
2021-05-21,US,LA,,22,,,iso1:us#iso2:us-la,467815,10522,522571,6065061,800,,9164,264,,1841,1120,72,,340,3834500,1612101,1402829,0.035,,9.2,0.38,0.95,0.1,0.09,,0.61,1,0.347,0.302,5,2987625
2021-05-22,US,LA,,22,,,iso1:us#iso2:us-la,467815,10522,522766,6069851,800,,8798,264,,1831,1111,70,,0,3853090,1622351,1411085,0.034,,9.2,0.38,0.95,0.1,0.09,,0.61,1,0.349,0.304,0,3005269
2021-05-23,US,LA,,22,,,iso1:us#iso2:us-la,467815,10522,522984,6073282,800,,8608,247,,1822,1044,72,,0,3853090,1628171,1416765,0.035,,9.2,0.38,0.94,0.1,0.08,,0.57,1,0.35,0.305,0,3016273
2021-05-24,US,LA,,22,,,iso1:us#iso2:us-la,468402,10535,523252,6081880,800,,8929,269,,1818,1078,74,,587,3853090,1631613,1419939,0.034,,7.5,0.46,0.94,0.1,0.09,,0.59,1,0.351,0.305,13,3022829
2021-05-25,US,LA,,22,,,iso1:us#iso2:us-la,469445,10548,523504,6092631,800,,9265,268,,1829,1122,68,,1043,3860970,1633736,1421591,0.033,,9.2,0.37,0.94,0.1,0.09,,0.61,1,0.351,0.306,13,3026351
2021-05-26,US,LA,,22,,,iso1:us#iso2:us-la,469864,10562,523801,6102854,800,,9479,263,,1830,1132,69,,419,3863900,1638719,1426743,0.032,,8.6,0.4,0.94,0.1,0.09,,0.62,1,0.353,0.307,14,3036128
2021-05-27,US,LA,,22,,,iso1:us#iso2:us-la,470331,10570,524089,6111718,800,,9483,268,,1826,1156,69,,467,3873960,1644916,1432609,0.032,,8.8,0.39,0.94,0.1,0.09,,0.63,1,0.354,0.308,8,3048106
2021-05-28,US,LA,,22,,,iso1:us#iso2:us-la,470685,10576,524407,6121966,800,,9392,273,,1830,1158,67,,354,3887140,1649610,1438154,0.031,,8.8,0.39,0.94,0.1,0.09,,0.63,1,0.355,0.309,6,3058019
2021-05-29,US,LA,,22,,,iso1:us#iso2:us-la,470685,10576,524587,6126306,800,,8880,264,,1822,1113,65,,0,3902740,1655316,1444242,0.031,,8.8,0.39,0.94,0.1,0.08,,0.61,1,0.356,0.311,0,3069547
2021-05-30,US,LA,,22,,,iso1:us#iso2:us-la,470685,10576,524787,6129570,800,,8654,257,,1817,1079,71,,0,3902740,1661309,1451205,0.031,,8.8,0.39,0.94,0.1,0.09,,0.59,1,0.357,0.312,0,3082438
2021-05-31,US,LA,,22,,,iso1:us#iso2:us-la,470685,10576,524996,6134489,800,,8672,271,,1813,1073,76,,0,,,,0.032,,7.0,0.49,0.94,0.1,0.09,,0.59,1,,,0,
2021-06-01,US,LA,,22,,,iso1:us#iso2:us-la,471663,10592,525254,6141544,800,,8989,294,,1836,1093,87,,978,3902740,1666297,1455285,0.035,,6.8,0.5,0.94,0.1,0.1,,0.6,1,0.358,0.313,16,3091340
2021-06-02,US,LA,,22,,,iso1:us#iso2:us-la,472304,10595,525500,6151284,800,,9316,393,,1871,1133,87,,641,3903910,1668440,1457418,0.034,,7.5,0.46,0.95,0.1,0.11,,0.61,1,0.359,0.314,3,3095398
2021-06-03,US,LA,,22,,,iso1:us#iso2:us-la,472617,10605,525727,6159864,800,,9514,289,,1873,1199,94,,313,3927440,1671678,1462006,0.033,,7.0,0.49,0.95,0.1,0.12,,0.64,1,0.36,0.314,10,3103075
2021-06-04,US,LA,,22,,,iso1:us#iso2:us-la,472981,10615,526024,6169111,800,,9475,277,,1867,1195,97,,364,3934500,1676024,1467057,0.033,,7.1,0.49,0.95,0.1,0.13,,0.64,1,0.361,0.316,10,3112365
2021-06-05,US,LA,,22,,,iso1:us#iso2:us-la,472981,10615,526189,6174741,800,,8990,273,,1859,1135,89,,0,3952070,1682001,1473551,0.032,,7.1,0.49,0.95,0.1,0.11,,0.61,1,0.362,0.317,0,3124501
2021-06-06,US,LA,,22,,,iso1:us#iso2:us-la,472981,10615,526412,6177998,800,,8758,265,,1852,1112,93,,0,3952070,1682190,1473697,0.032,,7.1,0.49,0.95,0.1,0.11,,0.6,1,0.362,0.317,0,3124589
2021-06-07,US,LA,,22,,,iso1:us#iso2:us-la,473777,10619,526667,6185506,800,,9032,297,,1865,1126,98,,796,3952070,1690689,1484189,0.032,,9.5,0.36,0.96,0.1,0.12,,0.6,1,0.364,0.319,4,3143283
2021-06-08,US,LA,,22,,,iso1:us#iso2:us-la,473879,10622,526896,6197904,800,,9496,284,,1892,1181,93,,102,3955630,1692663,1486603,0.028,,6.8,0.51,0.96,0.1,0.12,,0.62,1,0.364,0.32,3,3147407
2021-06-09,US,LA,,22,,,iso1:us#iso2:us-la,474653,10631,527105,6208031,800,,9649,279,,1880,1170,88,,774,3958640,1697128,1492062,0.028,,7.2,0.48,0.96,0.1,0.11,,0.62,1,0.365,0.321,9,3157002
2021-06-10,US,LA,,22,,,iso1:us#iso2:us-la,475126,10638,527361,6215970,800,,9662,280,,1875,1207,85,,473,3960420,1702116,1498902,0.028,,7.7,0.45,0.96,0.1,0.11,,0.64,1,0.366,0.322,7,3168577
2021-06-11,US,LA,,22,,,iso1:us#iso2:us-la,475354,10648,527626,6226232,800,,9510,260,,1868,1197,88,,228,3965880,1702171,1498958,0.027,,7.3,0.47,0.96,0.1,0.12,,0.64,1,0.366,0.322,10,3168604
2021-06-12,US,LA,,22,,,iso1:us#iso2:us-la,475354,10648,527797,6230168,800,,9022,275,,1866,1129,77,,0,3979160,1708278,1506158,0.028,,7.3,0.47,0.97,0.1,0.09,,0.61,1,0.367,0.324,0,3181695
2021-06-13,US,LA,,22,,,iso1:us#iso2:us-la,475354,10648,527920,6232546,800,,8833,288,,1856,1102,76,,0,3979160,1712992,1513114,0.027,,7.3,0.47,0.97,0.1,0.09,,0.59,1,0.368,0.325,0,3193220
2021-06-14,US,LA,,22,,,iso1:us#iso2:us-la,475908,10655,528136,6239764,800,,9059,294,,1853,1091,82,,554,3979160,1719063,1535782,0.026,,6.5,0.53,0.97,0.1,0.1,,0.59,1,0.37,0.33,7,3220731
2021-06-15,US,LA,,22,,,iso1:us#iso2:us-la,476467,10660,528401,6251198,800,,9421,291,,1862,1129,87,,559,3982070,1721162,1539268,0.027,,8.0,0.43,0.98,0.1,0.11,,0.61,1,0.37,0.331,5,3225937
2021-06-16,US,LA,,22,,,iso1:us#iso2:us-la,476792,10670,528676,6260968,800,,9631,285,,1859,1157,88,,325,3983850,1725705,1546253,0.029,,6.6,0.52,0.98,0.1,0.11,,0.62,1,0.371,0.333,10,3237207
2021-06-17,US,LA,,22,,,iso1:us#iso2:us-la,477127,10677,528900,6268030,800,,9453,272,,1837,1138,89,,335,3993450,1730099,1552326,0.029,,6.1,0.56,0.98,0.1,0.11,,0.62,1,0.372,0.334,7,3247015
2021-06-18,US,LA,,22,,,iso1:us#iso2:us-la,477453,10688,529107,6274905,800,,9305,250,,1837,1130,85,,326,4000840,1733740,1557517,0.03,,6.5,0.53,0.99,0.1,0.11,,0.62,1,0.373,0.335,11,3255498
2021-06-19,US,LA,,22,,,iso1:us#iso2:us-la,477453,10688,529265,6278703,800,,8783,229,,1826,1087,87,,0,4012140,1738221,1563653,0.029,,6.5,0.53,0.99,0.1,0.11,,0.6,1,0.374,0.336,0,3265742
2021-06-20,US,LA,,22,,,iso1:us#iso2:us-la,477453,10688,529352,6280670,800,,8635,229,,1821,1083,96,,0,4012140,1741105,1567966,0.029,,6.5,0.53,1.0,0.1,0.12,,0.59,1,0.375,0.337,0,3272827
2021-06-21,US,LA,,22,,,iso1:us#iso2:us-la,478139,10693,529526,6285590,800,,8802,246,,1824,1069,93,,686,4012140,1743718,1571377,0.029,,6.9,0.5,1.0,0.1,0.11,,0.59,1,0.375,0.338,5,3278754
2021-06-22,US,LA,,22,,,iso1:us#iso2:us-la,478464,10699,529765,6294530,800,,9198,257,,1831,1119,89,,325,4013040,1745077,1572948,0.031,,6.1,0.56,1.01,0.1,0.11,,0.61,1,0.375,0.338,6,3281534
2021-06-23,US,LA,,22,,,iso1:us#iso2:us-la,478946,10709,530032,6302465,800,,9457,263,,1834,1106,86,,482,4018000,1747816,1576299,0.032,,6.6,0.52,1.01,0.11,0.11,,0.6,1,0.376,0.339,10,3287166
2021-06-24,US,LA,,22,,,iso1:us#iso2:us-la,479311,10717,530251,6308321,800,,9503,275,,1847,1123,91,,365,4018520,1751835,1580796,0.032,,6.7,0.51,1.02,0.1,0.11,,0.61,1,0.377,0.34,8,3295157
2021-06-25,US,LA,,22,,,iso1:us#iso2:us-la,479521,10723,530308,6310390,800,,9461,261,,1848,1137,85,,210,4032580,1758345,1587874,0.033,,6.4,0.54,1.02,0.1,0.11,,0.62,1,0.378,0.342,6,3308560
2021-06-26,US,LA,,22,,,iso1:us#iso2:us-la,,10723,,,800,,9460,261,,1846,1137,85,,,4046840,1758564,1588216,,,,,,,0.11,,0.62,1,0.378,0.342,0,3308966
2021-06-27,US,LA,,22,,,iso1:us#iso2:us-la,,10723,,,800,,,,,,,,,,4046840,1762808,1595419,,,,,,,,,,1,0.379,0.343,0,3320189
2021-06-28,US,LA,,22,,,iso1:us#iso2:us-la,,,,,800,,,,,,,,,,,,,,,,,,,,,,1,,,,
